100rs,100rs
120k,120k
1k,1k
1st,1st
231k,231k
24th,24th
2g,2g
2kuszlemdp,2kuszlemdp
2nd,2nd
30nov,30nov
30th,30th
3rd,3rd
45member,45member
4cgmraxldb,4cgmraxldb
4got,4got
4rm,4rm
50age,50age
62k,62k
720p,720p
7wa,7wa
80k,80k
8th,8th
aa,aa
aae,aa
aai,aa
aao,aa
aaoo,aa
ah,aa
au,aa
ay,aa
aaapppkooooo,aaapppkooooo
aab,abb
ab,aab
abay,aab
abba,aab
abe,aab
abi,aab
aabaad,aabaad
aadat,aadat
aadt,aadat
adat,aadat
aadmi,aadmi
admi,aadmi
aaeee,aaeee
aag,aag
aagay,aag
aake,aag
aga,aag
agay,aag
aik,aag
ak,aag
ake,aag
aagar,aagar
aakar,aagar
agar,aagar
agr,aagar
akar,aagar
aagaya,aagaya
aagayi,aagaya
agayi,aagaya
aage,agee
aaj,aage
aaoge,aage
age,aage
agy,aage
aaghe,aaghe
aakho,aaghe
aagle,aagle
aglee,aagle
aahista,aahista
aaina,aana
aainaa,aaina
aaine,aaina
aan,aaina
aane,aaina
aani,aaina
ain,aaina
ana,aaina
anna,aaina
aainda,aainda
ainda,aainda
aaisa,aisay
aas,aaisa
aasu,aaisa
aisa,aaisa
aise,aaisa
aisi,aaisa
aiza,aaisa
aaiye,aaiye
aaya,aaiye
aaye,aaiye
aayi,aaiye
aye,aaiye
aajaye,aajaye
ajaye,aajaye
aajbhi,aajbhi
aajkal,aajkal
ajkal,aajkal
aakhir,aakhir
akhir,aakhir
aalam,aalam
alam,aalam
aaliya,aaliya
aam,ammi
am,aam
ami,aam
amma,aam
aamir,aamir
amir,aamir
aana,aana
aaney,aana
an,aana
ane,aana
ani,aana
any,aana
ayn,aana
aankh,aankh
aankhe,aankh
aankho,aankh
ankhe,aankh
ankho,aankh
aankhain,aankhon
aankhein,aankhain
ankhein,aankhain
aankhon,aankhon
aap,aap
aape,aap
ap,aap
app,aap
aapiye,aapiye
aapk,aapke
aapka,aapk
aapki,aapk
apka,aapk
apki,aapk
aapke,apko
aapko,aapke
apke,aapke
aapne,aapne
aapna,aapne
apna,aapne
apne,aapne
apno,aapne
aaraha,aaraha
aarahi,aaraha
aarha,aaraha
araha,aaraha
aaram,aaram
aram,aaram
aaree,areey
are,aaree
arey,aaree
arre,aaree
aasani,aasani
ahsan,aasani
asan,aasani
aashani,aashani
aashiqui,aashiqui
aashirvaad,aashirvaad
aashirwad,aashirwad
aashish,aashish
ashish,aashish
aashqon,aashqon
aata,aate
aataaa,aata
aati,aata
ada,aata
at,aata
ataa,aata
atay,aata
ati,aata
aut,aata
aate,aate
ata,aate
atey,aate
auto,aate
aaungi,aaungi
aayange,aayange
aayenge,aayange
aayega,aayega
ayega,aayega
aayegi,ayegii
aayegii,aayegi
ayegi,aayegi
aayeto,aayeto
aaygaa,aaygaa
aayojan,aayojan
aazaad,aazaad
aazma,aazma
abas,abas
abuse,abas
abb,abb
abbu,abb
abhe,abhe
abhi,abhe
abhito,abhito
abhiyan,abhiyan
abid,abid
about,about
absar,absar
absolutely,absolutely
abused,abused
accent,accent
access,access
accha,achi
acchi,accha
acha,accha
ache,accha
achha,accha
achhi,accha
accident,accident
according,according
account,account
accounts,accounts
achanak,achanak
achar,achar
acharan,acharan
achay,achi
achhe,achay
achii,achay
achchhi,achchhi
aches,aches
achi,achi
achy,achi
asha,achi
ashu,achi
actor,actor
actors,actors
actually,actually
ad,ad
adaa,ad
add,ad
audi,ad
adani,adani
adb,adb
address,address
adds,adds
ads,adds
adek,adek
adh,adhi
adhay,adh
adhi,adhi
adjust,adjust
adnan,adnan
adrakh,adrakh
advised,advised
ae,ae
aedosto,aedosto
aesa,aesi
aese,aesa
aesy,aesa
aesi,aesi
afghanistan,afghanistan
afridi,afridi
afsar,afsar
afsoos,afsoos
after,after
aftertaste,aftertaste
again,again
against,against
agakhan,agakhan
agee,agee
agree,agree
agwada,agwada
ahaan,ahaan
ahan,ahaan
ahad,ahad
ahead,ahad
ahi,ahi
ahmad,ahmad
ahmed,ahmad
air,ara
aor,air
ar,air
ary,air
aur,air
aisay,aisay
aisy,aisay
aitraz,aitraz
aj,aj
ajao,aj
ajj,aj
ajamkhan,ajamkhan
ajate,ajate
ajeeb,ajeeb
ajib,ajeeb
ajma,ajma
ajmer,ajmer
ajnabi,ajnabi
akbar,akbar
akbhar,akbhar
akelepan,akelepan
akely,akely
akhilesh,akhilesh
akhiyon,akhiyon
akhri,akhri
akkad,akkad
akkians,akkians
akram,akram
aksar,aksar
alag,alag
alcohol,alcohol
alhamdulillah,alhamdulillah
ali,ali
all,ali
awl,ali
alien,alien
allah,allah
allow,allah
allot,allot
almost,almost
alone,alone
alpinelibbe,alpinelibbe
already,already
alreay,alreay
also,also
always,always
amazing,amazing
amazingly,amazingly
ambani,ambani
ameer,ameer
amendment,amendment
america,america
americans,americans
amit,amit
amitabh,amitabh
amitshah,amitshah
ammi,ammi
amp,amp
amrici,amrici
amug,amug
anatomy,anatomy
ancient,ancient
and,and
anti,and
andat,andat
angna,angna
angrai,angrai
angry,angrai
angrejji,angrejji
animals,animals
anindya,anindya
ankush,ankush
anmol,anmol
annoyed,annoyed
annual,annual
another,another
ans,ansu
aansu,ans
anso,ans
ansu,ansu
answer,answer
answaer,answer
anusar,anusar
ansari,anusar
anyways,anyways
aonga,aonga
aunga,aonga
apan,apoun
apani,apan
apnay,apan
apny,apan
apun,apan
aparadh,aparadh
apko,apko
apoun,apoun
applied,applied
appointment,appointment
apse,apse
aapse,apse
apsy,apse
ara,ara
aray,ara
arabic,arabic
areey,areey
array,areey
arrey,areey
arhy,arhy
arjun,arjun
arjuna,arjun
army,army
around,around
arpita,arpita
arrest,arrest
arrive,arrive
arrives,arrives
arse,arse
arz,arse
arsenal,arsenal
art,art
aurat,art
article,article
artist,artist
arts,arts
as,as
aysi,as
asaal,asaal
asal,asaal
asool,asaal
asaan,asaan
asad,asad
aside,asad
asar,assar
asoor,asar
asc,asc
ask,asc
aseem,aseem
azeem,aseem
ashiqo,ashiqo
ashok,ashok
ashoka,ashok
asked,asked
asking,asking
asks,asks
aslam,aslam
asli,asli
asliyat,asliyat
assar,assar
asshole,asshole
astaghfirullah,astaghfirullah
atal,atal
atio,atio
atleast,atleast
atma,atma
attack,attack
attention,attention
attitude,attitude
aunties,aunties
aunty,aunty
australia,australia
avi,avi
avinash,avinash
awaargi,awaargi
awam,awam
awan,awan
awara,awara
award,award
awards,awards
away,away
awo,away
awaz,awaz
awesome,awesome
awesomest,awesomest
awkward,awkward
awsome,awsome
aww,aww
awww,aww
awwww,awwww
axha,axha
ay47fdeclx,ay47fdeclx
aya,aya
ayi,aya
ayegii,ayegii
ayesha,ayesha
ayesh,ayesha
azaab,azaab
azab,azaab
ba,baee
bae,ba
bah,ba
bai,ba
bb,ba
be,ba
beh,ba
bey,ba
bi,ba
bio,ba
bo,ba
bow,ba
by,ba
baab,baab
baba,baab
babu,baab
baby,baab
baad,baate
baadde,baad
baat,baad
baati,baad
bad,baad
badde,baad
bade,baad
bait,baad
bat,baad
batao,baad
bday,baad
beat,baad
bed,baad
bta,baad
btao,baad
baahut,bahuto
bahot,baahut
bahut,baahut
bauhat,baahut
bhut,baahut
bohut,baahut
baap,baap
baaqi,baaqi
baki,baaqi
baqi,baaqi
baar,baar
baare,baar
bar,baar
bari,baar
beer,baar
bor,baar
bra,baar
bur,baar
baate,baate
baety,baate
bata,baate
bete,baate
baatoki,baatoki
baatoon,baatoon
baatein,baatoon
baton,baatoon
babaji,babaji
babuji,babaji
babies,babies
boobies,babies
babitaji,babitaji
babloo,babloo
babwa,babwa
bacche,bach
baccho,bacche
bacha,bacche
bache,bacche
bachi,bacche
bacho,bacche
bachu,bacche
baich,bacche
bach,bachii
bachao,bach
bachhe,bach
bachy,bach
beech,bach
bich,bach
bichi,bach
bitch,bach
buch,bach
bachany,bachany
bachanay,bachany
bachne,bachany
bachaye,bachaye
bachchan,bachchan
bachche,bachche
bachii,bachii
bachay,bachii
bachpan,bachpan
bachpaney,bachpan
back,back
bak,back
bc,back
bec,back
bicky,back
bik,back
book,back
buk,back
backchodi,backchodi
backhand,backhand
bada,bada
baddua,bada
beta,bada
bidi,bada
body,bada
badaam,badaam
badal,badle
badla,badal
badli,badal
badalte,badalte
badaya,badaya
bataye,badaya
badh,badh
budhi,badh
badhaiya,badhaiya
badhakar,badhakar
badle,badle
badluo,badle
baee,baee
bagger,bagger
baggi,baggi
bigg,baggi
bahaayein,bahaayein
bahadur,bahadur
bahaduri,bahadur
bahar,bhara
bahir,bahar
bhar,bahar
bhare,bahar
bher,bahar
bihar,bahar
bahen,bahen
behan,bahen
behen,bahen
bhen,bahen
bahi,bahi
bahoo,bahi
bh,bahi
bhah,bahi
bhe,bahi
bhi,bahi
bahiya,bahiya
bhaiya,bahiya
bahkaveme,bahkaveme
bahoot,bhooto
bahout,bahoot
bh0ot,bahoot
bhoot,bahoot
bhot,bahoot
bohot,bahoot
buhoot,bahoot
bahuto,bahuto
bhutto,bahuto
bailan,bailan
baithey,baithey
baithkar,baithkar
baithna,baithna
bajaye,bajaye
baje,baje
bje,baje
bakhair,bakhair
bikhar,bakhair
bukhar,bakhair
bakrian,bakrian
bakwaas,bakwaas
bakwas,bakwaas
baqwas,bakwaas
balke,balke
balki,balke
blke,balke
bolke,balke
ball,bille
bail,ball
balo,ball
bill,ball
bol,ball
bole,ball
boli,ball
bolo,ball
bula,ball
ban,banaa
bana,ban
bane,ban
bani,ban
banne,ban
banu,ban
been,ban
bin,ban
bna,ban
bni,ban
banaa,banaa
bannai,banaa
bina,banaa
bnae,banaa
banane,banane
bananay,banane
banany,banane
banaya,banaya
bnaye,banaya
banayega,banayega
banayenge,banayenge
band,banta
banda,band
bande,band
bandi,band
bant,band
bante,band
bendi,band
bndy,band
bond,band
bandagi,bandagi
bandar,bandar
bandra,bandar
bandh,bandh
bandhan,bandhan
bandhne,bandhan
banega,banega
bangaya,bangaya
bangladesh,bangladesh
bangya,bangya
banjaao,banjaao
bank,bank
banke,bank
banta,banta
banate,banta
bnata,banta
barak,barak
barakah,barak
bark,barak
break,barak
barbaad,barbaad
barbad,barbaad
barcelona,barcelona
bardasht,bardasht
barish,barish
barsa,barsa
barsaat,barsaat
barunbabu,barunbabu
barwa,barwa
bas,busy
baaz,bas
base,bas
bass,bas
baz,bas
boss,bas
bs,bas
bss,bas
bus,bas
bzi,bas
batadiya,batadiya
batain,baten
batein,batain
batak,batak
bataoo,bataoo
batata,batata
batate,batata
baten,baten
batwaya,batwaya
bawajud,bawajud
bawbag,bawbag
bayaan,bayaan
bayan,bayaan
bazar,bazar
bb8,bb8
bbfans,bbfans
bcci,bcci
bcoz,bcoz
beans,beans
beard,beard
board,beard
beautiful,beautiful
beautifully,beautifully
bebak,bebak
because,because
bechara,bechara
becharay,bechara
bichare,bechara
becharon,becharon
bechay,bechay
bedroom,bedroom
beg,beg
big,beg
begharet,begharet
begum,begum
behaal,behaal
behatar,behatar
behave,behave
behenchod,behenchod
bhenchod,behenchod
behind,behind
behlany,behlany
behrha,behrha
behria,behria
behtar,behtar
better,behtar
behtreen,behtreen
beinethaa,beinethaa
being,being
belief,belive
believe,belief
belive,belive
benazir,benazir
bengali,bengali
berojgaar,berojgaar
besabri,besabri
besharami,besharami
besok,besok
best,best
bisti,best
betha,bethe
bethaa,betha
bethy,betha
both,betha
bethe,bethe
betiyan,betiyan
betna,betna
bevkuf,bevkuf
bewafa,bewafa
bewafaun,bewafaun
bewakoof,bewakoof
bewaqoof,bewakoof
bewaqufon,bewaqufon
bewfa,bewfa
beyahe,beyahe
beyahey,beyahe
beyonce,beyonce
bf,bf
bv,bf
bhaag,bhaga
bhag,bhaag
bheeg,bhaag
bhaaiyon,bhaaiyon
bhaajapa,bhaajapa
bhabhi,bhabhi
bhabi,bhabi
bhae,bhae
bhai,bhae
bhee,bhae
bhaga,bhaga
bhoka,bhaga
bhagega,bhagega
bhagta,bhakti
bhagto,bhagta
bhakt,bhagta
bhakto,bhagta
bhagwan,bhagwan
bhagya,bhagya
bhaijaan,bhaijaan
bhajan,bhaijaan
bhains,bhains
bhaiyya,bhaiyya
bhayia,bhaiyya
bhaji,bheja
bhage,bhaji
bhej,bhaji
bheji,bhaji
bhakti,bhakti
bhakts,bhakts
bhala,bhula
bhale,bhala
bholay,bhala
bhoola,bhala
bhul,bhala
bhalayi,bhalayi
bhandara,bhandara
bhang,bhang
bhonga,bhang
bhangladesh,bhangladesh
bhanja,bhanja
bhanji,bhanja
bhaonktey,bhaonktey
bhara,bhara
bhera,bhara
bihari,bhara
bharatiya,bharatiya
bharmar,bharmar
bharosa,bharosa
bhashan,bhashan
bhateeja,bhateeja
bhateeji,bhateeja
bhavisya,bhavisya
bhed,bhed
bht,bhed
bhudi,bhed
bheegi,bheegi
bheetr,bheetr
bheir,bheir
bheja,bheja
bhejiye,bhejiye
bhejna,bhejna
bhejoon,bhejoon
bhiiii,bhiiii
bhikari,bhikari
bhinderwala,bhinderwala
bhojpuri,bhojpuri
bhojpuriya,bhojpuriya
bhojta,bhojta
bhonkne,bhonkne
bhonkney,bhonkne
bhook,bhook
bhouk,bhook
bhool,bhool
bhooto,bhooto
bhtt,bhtt
bohat,bhtt
buhat,bhtt
bhula,bhula
bhye,bhye
bibya,bibya
bichad,bichad
bichhaaye,bichhaaye
bigad,bigad
bigerta,bigerta
bijli,bijli
biktay,biktay
bilal,bilal
bilawal,bilawal
bilkul,bilkul
bille,bille
bills,bills
bimari,bimari
biraaj,biraaj
birth,birth
birthday,birthday
biscuit,biscuit
biscuits,biscuits
bit,bit
beti,bit
bout,bit
bt,bit
btw,bit
buht,bit
but,bit
bitttuuuuuuuuu,bitttuuuuuuuuu
biwi,biwi
bjkt,bjkt
bjp,bjp
black,black
block,black
blackett,blackett
blankets,blankets
blessd,blessd
blind,blind
buland,blind
blindness,blindness
blocked,blocked
blog,blog
blogger,blogger
blood,blood
blunts,blunts
blush,blush
bnakr,bnakr
bnday,bnday
bodacious,bodacious
bola,bola
bulao,bola
bolega,bolega
bolegi,bolegi
bolengy,bolengy
bolkar,bolkar
bollywood,bollywood
bolna,bolne
bolnay,bolna
bolny,bolna
bolun,bolna
bolne,bolne
boltay,boltay
bolta,boltay
bolte,boltay
bongi,bongi
bongs,bongs
boobs,boobs
books,books
boom,boom
boondi,boondi
booss,booss
boota,boota
booyakasha,booyakasha
boring,boring
boro,boro
bara,boro
bre,boro
bro,boro
bura,boro
buri,boro
bowled,bowled
bowler,bowler
brahmin,brahmin
breaker,breaker
breakfast,breakfast
breaking,breaking
breakup,breakup
brochures,brochures
brother,brother
brought,brought
browser,browser
bsdk,bsdk
btadeti,btadeti
btayen,btayen
bttm,bttm
bubbles,bubbles
buckeye,buckeye
buddhi,buddhi
buddy,buddy
buds,buds
building,building
built,built
bujha,bujha
bujhao,bujha
bujhti,bujhti
bukhari,bukhari
bulata,bulata
bulaya,bulaya
bulaye,bulaya
bulbulay,bulbulay
bulva,bulva
bunyad,bunyad
burai,burai
burii,burai
buraiyaan,buraiyaan
burhan,burhan
busy,busy
buying,buying
buzdil,buzdil
bye,bye
ca,ca
co,ca
cow,ca
cahiye,cahiye
cake,cake
call,call
cool,call
called,called
calm,calm
camera,camera
campaign,campaign
campaigner,campaigner
can,can
canada,canada
candy,canada
canal,canal
cancer,cancer
cannot,cannot
canteen,canteen
caption,caption
car,car
care,car
caravan,caravan
card,card
career,career
carry,carry
cars,cars
cause,cause
cbi,cbi
celeb,celeb
celebrity,celebrity
cencer,cencer
certificate,certificate
ch,chaa
cha,ch
chai,ch
chew,ch
choo,ch
chu,ch
chaa,chaa
chaiy,chaa
chaahne,chaahne
chahna,chaahne
chaahye,chaahye
chahye,chaahye
chaiye,chaahye
chaye,chaahye
chaal,chala
chal,chaal
chalao,chaal
chale,chaal
chali,chaal
chall,chaal
chalo,chaal
chalu,chaal
chill,chaal
chaand,chaand
chand,chaand
channd,chaand
chant,chaand
chaat,chati
chad,chaat
chahta,chaat
chahte,chaat
chat,chaat
choot,chaat
chut,chaat
chacha,chacha
chachee,chacha
chadar,chadar
chadawa,chadawa
chudwa,chadawa
chadha,chadha
chahiye,chahiye
chaahiye,chahiye
chahtay,chahtay
chahty,chahtay
chotay,chahtay
chahtpe,chahtpe
chain,chain
chahne,chain
chaina,chain
cheen,chain
china,chain
chakki,chukki
chuki,chakki
chala,chala
chalaaa,chala
chaley,chala
chalata,chalti
chalta,chalata
chalaya,chalaya
chaliya,chalaya
chalegi,chalegi
chaloge,chalegi
chalenge,chalenge
challange,chalenge
challis,challis
chalne,chalne
chalan,chalne
chalti,chalti
chamche,chamche
chamcha,chamche
chandni,chandni
change,change
channel,channel
channels,channels
chans,chans
chance,chans
chapraasi,chapraasi
char,charaa
chara,char
cheer,char
chere,char
chor,char
chori,char
choro,char
charaa,charaa
characters,characters
charas,charas
chars,charas
chras,charas
charcha,charcha
charche,charcha
charge,charge
charger,charger
charging,charging
charmen,charmen
charpai,charpai
chashma,chashma
chaskay,chaskay
chati,choti
chhoti,chati
chodi,chati
chota,chati
chatora,chatora
chaudhary,chaudhary
chaya,chaya
chayye,chaya
chiye,chaya
check,check
chock,check
chowk,check
cheema,cheema
cheeni,cheeni
chaini,cheeni
cheep,cheep
chap,cheep
chup,cheep
cheez,cheez
cheeze,cheez
chiz,cheez
chehra,chehra
cherh,cherh
chewing,chewing
chhakkians,chhakkians
chhodh,chhodh
chhodo,chhodo
chod,chhodo
chodo,chhodo
chhorron,chhorron
chidiya,chidiya
chutiya,chidiya
chika,chika
choka,chika
chuka,chika
chuke,chika
chingari,chingari
chinta,chinta
chuntay,chinta
chittey,chittey
chitthi,chitthi
chizo,chizo
chuso,chizo
chocolate,chocolate
chocolates,chocolates
chodega,chodega
chokidari,chokidari
choos,choos
chuss,choos
chorana,chorana
chord,chord
chorde,chord
chordti,chordti
chorke,chorke
choti,choti
chudail,chudail
chudne,chudne
chatne,chudne
chukaya,chukaya
chukki,chukki
chupany,chupany
chupati,chupati
chupke,chupke
churaya,churaya
churma,churma
chusna,chusna
chutiapa,chutiapa
chutiyapa,chutiyapa
chutiye,chutiye
chutya,chutiye
chutney,chutney
chuwan,chuwan
cid,cid
cigarette,cigarette
ciggs,ciggs
cigrate,cigrate
cinema,cinema
cities,cities
city,city
clap,clap
clarkston,clarkston
clasfelow,clasfelow
class,class
clause,class
close,class
classic,classic
clean,clean
cleaning,cleaning
clear,clear
club,club
cluttered,cluttered
cm,cm
come,cm
cum,cm
cmnt,cmnt
cmplt,cmplt
cng,cng
cong,cng
cnwk,cnwk
coat,coat
coffee,coffee
coincidence,coincidence
college,college
color,color
colour,color
colors,colors
colours,colors
combined,combined
comes,comes
coming,coming
comment,comment
commercial,commercial
common,common
company,company
compartments,compartments
compartmnt,compartmnt
competition,competition
complete,complete
composed,composed
condition,condition
confident,confident
confirm,confirm
confirmed,confirmed
confusing,confusing
confusion,confusion
congratsssssss,congratsssssss
congratulation,congratulation
congress,congress
connectivity,connectivity
conntcn,conntcn
consistency,consistency
constitution,constitution
construction,construction
contact,contact
contestants,contestants
control,control
conviction,conviction
copy,copy
corner,corner
correct,correct
corrupt,corrupt
corruption,corruption
cos,cz
coz,cos
css,cos
cuz,cos
cough,cough
could,could
cult,could
couple,couple
court,court
cousin,cousin
cousins,cousins
crap,crap
credit,credit
cric,cric
cricket,cricket
criminal,criminal
crore,crore
crorepati,crorepati
cross,cross
crush,crush
crying,crying
cubes,cubes
customer,customer
cute,cute
cuttee,cute
cutest,cutest
cz,cz
daaadaaaaaa,daaadaaaaaa
daakhil,daakhil
dakhal,daakhil
daal,dala
daali,daal
daily,daal
dal,daal
dalay,daal
dalo,daal
deal,daal
dil,daal
dill,daal
doll,daal
dull,daal
daalnay,daalnay
daalti,daalti
dalta,daalti
daant,daant
dint,daant
dnt,daant
dont,daant
daaru,darr
dair,daaru
dar,daaru
daro,daaru
daru,daaru
daur,daaru
dear,daaru
daata,daata
dada,daata
daitai,daata
data,daata
deta,daata
dab,dab
daba,dab
doob,dab
dabaata,dabaata
dafa,dafa
daftar,daftar
dag,dag
dagaa,dag
daku,dag
dec,dag
dega,dag
dek,dag
doc,dag
daikha,daikha
deekha,daikha
dekha,daikha
dikh,daikha
dikhao,daikha
dkha,daikha
daina,daina
dan,daina
dein,daina
dena,daina
deyna,daina
diin,daina
din,daina
dinn,daina
dino,daina
dinu,daina
dna,daina
daish,daish
dash,daish
desh,daish
dosh,daish
daisy,daisy
das,daisy
dis,daisy
dala,dala
dalit,dalit
daltey,daltey
dam,dumb
dm,dam
dum,dam
damaad,damaad
damn,damn
dampati,dampati
dance,dance
dancer,dancer
dancing,dancing
danda,danda
dangar,dangar
daniel,daniel
darbar,darbar
dard,dard
darti,dard
drd,dard
dardh,dardh
dargah,dargah
dariya,dariya
dark,dark
darling,darling
darme,darme
darr,duri
der,darr
door,darr
dr,darr
dur,darr
duur,darr
darza,darza
daughters,daughters
day,dia
da,day
de,day
dey,day
di,day
die,day
do,day
du,day
due,day
dy,day
death,death
deth,death
decades,decades
december,december
decrease,decrease
dede,deti
dedia,dede
dete,dede
did,dede
didu,dede
deedar,deedar
deeldaar,deeldaar
deen,deen
den,deen
dene,deen
deni,deen
don,deen
doon,deen
down,deen
deepika,deepika
deewana,deewana
deewani,deewana
dewaana,deewana
diwana,deewana
defending,defending
defferncite,defferncite
definently,definently
definitely,definitely
deghi,deghi
dekh,deghi
dekhe,deghi
dekho,deghi
dukhi,deghi
degi,degi
doge,degi
degree,degree
degrees,degrees
dehaiyaan,dehaiyaan
dekar,dekar
dekhaa,dekhaa
dekhay,dekhaa
dikha,dekhaa
dekhenge,dekhenge
dekhiye,dekhiye
dekhye,dekhiye
dekhkar,dekhkar
dekhna,dekhney
dekhne,dekhna
dekhny,dekhna
dikhana,dekhna
dekhney,dekhney
dekhtay,dekhtay
dekhta,dekhtay
dekhte,dekhtay
deklein,deklein
delhi,delhi
dilhi,delhi
delta,delta
demand,demand
denay,denay
denga,denga
dengue,denga
dunga,denga
denge,denge
dengein,dengein
depressing,depressing
deserving,deserving
deshat,deshat
deshi,deshi
destroy,destroy
detailed,detailed
details,details
deti,deti
didi,deti
duty,deti
devar,devar
devi,devi
deya,diye
diya,deya
dya,deya
dh0ndty,dh0ndty
dho0ndti,dh0ndty
dhaikho,dhaikho
dhal,dhal
dhula,dhal
dhamaal,dhamaal
dhamal,dhamaal
dhan,dhan
dhanyawaad,dhanyawaad
dharka,dharka
dharna,dharne
dharnay,dharna
dharne,dharne
dheet,dheet
dhut,dheet
dheka,dheka
dhoka,dheka
dher,dher
dhes,dhes
dheswara,dheswara
dhinka,dhinka
dho,dho
dhokha,dhokha
dhokhe,dhokha
dhongi,dhongi
dhoodh,dhoodh
dhoond,dhoond
dhoondo,dhoond
dhoondhti,dhoondhti
dhoondte,dhoondte
dhundhta,dhundhta
dhundla,dhundla
dhundti,dhundti
dhyan,dhyan
dia,dia
dua,dia
diayan,diayan
dibaca,dibaca
dictator,dictator
didnt,didnt
different,different
digest,digest
diggi,diggi
dijiye,dijiye
dijye,dijiye
dikhane,dikhane
dikhawo,dikhawo
dikhegi,dikhegi
dikhti,dikhti
dilbar,dilbar
dilli,dilli
dimaag,dimaag
dimag,dimaag
dimagh,dimagh
dimpy,dimpy
dinbhar,dinbhar
dinner,dinner
dinon,dinon
donon,dinon
diploma,diploma
direct,direct
directed,directed
director,director
discount,discount
dishwasher,dishwasher
dismay,dismay
dispensaries,dispensaries
distribute,distribute
districts,districts
division,division
diwaali,diwaali
diye,diye
dye,diye
dj,dj
dkh,dkh
dukh,dkh
dobara,dobara
dobriyal,dobriyal
doctor,doctor
doctors,doctors
does,does
days,does
doose,does
dohkhay,dohkhay
doing,doing
dompak,dompak
donation,donation
done,done
dono,done
donkey,donkey
dooba,dooba
dooboyega,dooboyega
doodh,doodh
dudh,doodh
doohaa,doohaa
dooo,dooo
doormat,doormat
doosri,dosri
dosra,doosri
dosry,doosri
dusri,doosri
doran,doran
dosri,dosri
dusre,dosri
dosti,dosti
dost,dosti
dosto,dosti
dostoo,dosti
double,double
doubt,doubt
doulat,doulat
download,download
drains,drains
drama,drama
dream,drama
dramaqueen,dramaqueen
dress,dress
drink,drink
drunk,drink
during,drink
drive,drive
drives,drives
drmian,drmian
drop,drop
drugs,drugs
dubai,dubai
dubbed,dubbed
duboya,duboya
dukaan,dukaan
dukandar,dukandar
duke,duke
dulwaya,dulwaya
dumb,dumb
duniya,duniya
dunya,duniya
duri,duri
dusary,dusary
dusro,dusary
dushman,dushman
dushmani,dushman
duvidha,duvidha
dwara,dwara
earphones,earphones
earth,earth
easy,esa
es,easy
esi,easy
ess,easy
eat,eat
edu,eat
eating,eating
ebola,ebola
economics,economics
edible,edible
edit,edit
eeeh,eeeh
eh,eeeh
effects,effects
ego,ego
eik,ego
ek,ego
ehsaas,ehsaas
eibar,eibar
either,either
ekdam,ekdam
ekdum,ekdam
ekk,ekk
elaj,elaj
elaqon,elaqon
elc,elc
eliminated,eliminated
elli,elli
eman,eman
emirates,emirates
emo,emo
emotional,emotional
empire,empire
end,end
ended,ended
ending,ending
enemies,enemies
engagement,engagement
engg,engg
england,england
enjoy,enjoy
enough,enough
entire,entire
entourage,entourage
epic,epic
error,error
esa,esa
eske,eske
esko,eske
esliye,esliye
etc,etc
ethanol,ethanol
even,even
evening,evening
event,event
ever,ever
every,ever
everybody,everybody
everyday,everyday
everyone,everyone
evict,evict
eviction,eviction
example,example
exams,exams
except,except
excited,excited
exited,exited
expect,expect
experience,experience
expert,expert
explain,explain
express,express
expressing,expressing
extracted,extracted
eyeball,eyeball
eyes,eyes
faaad,faaad
faayda,faaad
faaeday,faaeday
faiday,faaeday
faaltu,faaltu
faltu,faaltu
faasla,faasla
facebook,facebook
faced,faced
fact,fact
factory,factory
fail,fail
fall,fail
feel,fail
full,fail
fair,fair
fer,fair
fir,fair
for,fair
fr,fair
fairness,fairness
faisalabad,faisalabad
faker,faker
fucker,faker
faltugiri,faltugiri
family,family
famous,famous
fan,fan
fine,fan
fun,fan
fanaah,fanaah
fanny,fanny
funny,fanny
fans,fans
fantastic,fantastic
fantasy,fantasy
faraar,faraar
farham,farham
farigh,farigh
fariston,fariston
farmaen,farmaen
farokht,farokht
farooqi,farooqi
farq,farq
farsi,farsi
fass,fass
fast,fast
fastest,fastest
fat,fat
fatt,fat
fed,fat
feet,fat
fit,fat
fud,fat
fatafat,fatafat
father,father
fatima,fatima
fatma,fatima
fav,fav
favorite,favorite
favour,favour
favouring,favouring
favrt,favrt
fvrt,favrt
fawad,fawad
fayda,fayda
fayyaz,fayyaz
fazal,fazal
fb,fb
fdmr,fdmr
fee,ff
few,fee
feed,feed
food,feed
feeding,feeding
feeling,feeling
feku,feku
fellaini,fellaini
felt,felt
field,felt
female,female
fever,fever
ff,ff
fighting,fighting
figure,figure
filhaal,filhaal
filhal,filhaal
filled,filled
film,film
filter,filter
final,final
finals,finals
financially,financially
find,find
fund,find
finished,finished
finland,finland
fiqar,fiqar
first,first
fursat,first
fish,fish
fishes,fishes
florida,florida
flower,flower
follower,flower
flowers,flowers
followers,flowers
flu,flu
foj,foj
fouj,foj
follow,follow
followback,followback
followed,followed
following,following
fools,fools
football,football
foran,foran
ford,ford
frd,ford
forget,forget
form,form
frm,form
from,form
fraud,fraud
free,free
frre,free
french,french
friend,friend
frnd,friend
friends,friends
friendz,friends
friex,friex
front,front
frount,front
frustrat,frustrat
fuck,fuck
fucking,fucking
fusool,fusool
future,future
ga,goa
gaa,ga
gaay,ga
gae,ga
gai,ga
gay,ga
go,ga
gou,ga
guy,ga
gw,ga
gaadi,gaadi
gauti,gaadi
gaali,gaali
gale,gaali
galli,gaali
goal,gaali
goli,gaali
gaaliya,gaaliya
galiya,gaaliya
gaaliyan,gaaliyan
galiyon,gaaliyan
gaana,gaana
gaanay,gaana
gonna,gaana
gaand,ganda
gand,gaand
gande,gaand
gandi,gaand
gaanth,gaanth
gadbad,gadbad
gaddar,gaddar
gaddari,gaddar
gadhay,gadhey
gadhe,gadhay
gadhey,gadhey
galat,galti
galt,galat
gulati,galat
galaxy,galaxy
galay,galay
galti,galti
ganda,ganda
gandu,ganda
ganey,ganey
ganga,ganga
ganja,ganja
gappe,gappe
gar,gar
gari,gar
garri,gar
guru,gar
garam,garam
garm,garam
garmi,garam
garbage,garbage
garden,garden
gardi,gardi
garib,garib
garibon,garibon
garments,garments
gatak,gatak
gauahar,gauahar
gauhar,gauahar
gautam,gautam
gaya,gayi
gayaa,gaya
gaye,gaya
gayii,gaya
gayab,gayab
gayi,gayi
gd,gud
god,gd
good,gd
got,gd
gt,gd
ge,gia
gee,ge
gey,ge
gi,ge
gy,ge
geen,geen
gehra,gehra
gira,gehra
gender,gender
general,general
george,george
geurige,george
german,german
germindia,germindia
get,get
gets,gets
getting,getting
geya,geya
giya,geya
gya,geya
gye,geya
gf,gf
gv,gf
ggooreus,ggooreus
gha,gha
ghae,gha
ghe,gha
ghaas,ghaas
ghadar,ghadar
ghadi,ghadi
ghodi,ghadi
ghalat,ghalat
ghalti,ghalat
gham,gham
ghoom,gham
ghum,gham
ghanja,ghanja
ghanta,ghante
ghantay,ghanta
ghanto,ghanta
ghante,ghante
gharib,gharib
gharon,gharon
ghatiya,ghatiya
ghayab,ghayab
ghor,ghor
ghar,ghor
ghulam,ghulam
ghumte,ghumte
ghuroor,ghuroor
ghusa,ghusa
ghusne,ghusne
ghussay,ghussay
gia,gia
gila,gila
gillani,gillani
girfriend,girfriend
girl,girl
girls,girls
girna,girna
gittia,gittia
give,give
giveaway,giveaway
given,given
glass,glass
goals,glass
gn,gn
goa,goa
goallllllllllllllllllllllllll,goallllllllllllllllllllllllll
gobar,gobar
gober,gobar
gobhi,gobhi
goddamn,goddamn
goenka,goenka
goes,goes
guess,goes
guys,goes
goin,goin
gun,goin
going,going
gol,gol
gul,gol
gonaa,gonaa
gunah,gonaa
goodnight,goodnight
googa,googa
gooooners,gooooners
governance,governance
government,government
govt,govt
grade,grade
graduation,graduation
grass,grass
great,great
grt,great
green,green
grin,green
groundwater,groundwater
grover,grover
grrrrrr,grrrrrr
gsyabhagoda,gsyabhagoda
gud,gud
guide,gud
guftugu,guftugu
gujar,gujar
gujre,gujar
gujranwala,gujranwala
gujrat,gujrat
gulaam,gulaam
guldasta,guldasta
gum,gum
game,gum
gunaho,gunaho
gundee,gundee
gungaan,gungaan
gureeda,gureeda
gurudev,gurudev
gurur,gurur
gussa,gussa
gustakhii,gustakhii
gutka,gutka
guts,guts
gutter,gutter
guyz,guyz
guzar,guzar
guzara,guzar
guzre,guzar
guzarish,guzarish
gyaan,gyaan
gyan,gyaan
gyeen,gyaan
gyb,gyb
gym,gym
h0tay,h0tay
hotay,h0tay
hotey,h0tay
hoty,h0tay
h2rs,h2rs
hours,h2rs
ha,hei
haa,ha
haai,ha
hae,ha
hai,ha
hay,ha
he,ha
hee,ha
heh,ha
heo,ha
hey,ha
hi,ha
hii,ha
ho,ha
hoe,ha
hoi,ha
hoo,ha
hou,ha
how,ha
hu,ha
huay,ha
hue,ha
hui,ha
hw,ha
hy,ha
haaan,hain
haan,haaan
haen,haaan
haiin,haaan
han,haaan
haun,haaan
haaji,haaji
haal,haal
hal,haal
hell,haal
haar,haar
haaro,haar
har,haar
hari,haar
harr,haar
hear,haar
her,haar
hier,haar
hour,haar
hr,haar
haarna,haarna
haarne,haarna
haat,haat
had,haat
hot,haat
ht,haat
hut,haat
haath,hatho
haatho,haath
hath,haath
haaye,haaye
haya,haaye
hoye,haaye
huye,haaye
haddi,haddi
hudi,haddi
hadsa,hadsa
hats,hadsa
hafsaww,hafsaww
haftay,haftay
haiiii,haiiii
hain,hain
haina,hain
hein,hain
hen,hain
hina,hain
hn,hain
hon,hain
hoon,hain
houn,hain
hun,hain
hyn,hain
hainnnn,hainnnn
hairaan,hairaan
hakumat,hakumat
halaat,halaat
halat,halaat
half,half
halfline,halfline
ham,hmm
hame,ham
him,ham
hm,ham
hme,ham
home,ham
hum,ham
hume,ham
humy,ham
hamain,human
hamein,hamain
humain,hamain
humein,hamain
hamara,hamaray
hamarai,hamara
hamare,hamara
hamari,hamara
hamere,hamara
hmaray,hamara
humara,hamara
humari,hamara
hamaray,hamaray
hamaree,hamaray
hamesha,hamesha
hameesha,hamesha
himesh,hamesha
hamko,hamko
humko,hamko
hamne,hamne
hmne,hamne
humne,hamne
hamse,hamse
hamza,hamse
humse,hamse
handle,handle
handsam,handsam
haney,hone
honay,haney
honey,haney
hans,hanss
hansi,hans
hanss,hanss
hanuman,hanuman
happiness,happiness
happpy,happpy
happy,happpy
haq,hqi
haqq,haq
hga,haq
hq,haq
hug,haq
haqeeqath,haqeeqath
haraam,haraam
harami,haraam
haraamkhor,haraamkhor
haramkhor,haraamkhor
haraya,haraya
hard,heart
heard,hard
hrd,hard
harjai,harjai
harkat,harkat
harshika,harshika
harshu,harshu
has,has
hasee,has
hass,has
his,has
hs,has
hus,has
haseen,haseen
hasil,hasil
hasna,hasna
haste,haste
hastinapur,hastinapur
hatenge,hatenge
hater,hater
haters,haters
hatho,hatho
haumhe,haumhe
hausle,hausle
hav,hav
have,hav
heavy,hav
hv,hav
haven,haven
hawa,howi
howa,hawa
howe,hawa
huwa,hawa
hwa,hawa
hawaaon,hawaaon
hazaar,hazaro
hazar,hazaar
hazir,hazaar
hazaro,hazaro
hbd,hbd
hd,hd
hud,hd
headphones,headphones
health,health
healthy,health
heart,heart
heera,hero
here,heera
hei,hei
hia,hei
hoa,hei
hua,hei
hello,hello
help,help
hero,hero
hgya,hgya
hogeya,hgya
hogya,hgya
hogyi,hgya
high,high
highway,highway
hilatey,hilatey
hilaye,hilaye
hile,hile
hilega,hilega
hillane,hillane
himmat,himmat
himself,himself
hind,hindi
hinda,hind
hindu,hind
hindi,hindi
hindustan,hindustan
hisaab,hisaab
hisab,hisaab
history,history
hitler,hitler
hmare,hmare
humare,hmare
hmm,hmm
hmmm,hmm
hmmmmmmmmmmm,hmmmmmmmmmmm
hnu,hone
hona,hnu
honi,hnu
hoby,hoby
hochuka,hochuka
hoga,hogaey
hogae,hoga
hogai,hoga
hoke,hoga
hogaey,hogaey
hogaye,hogaye
hogaya,hogaye
hogayi,hogaye
hogeye,hogeye
hogye,hogeye
hogi,hogi
hoge,hogi
hogy,hogi
huge,hogi
hone,hone
hongy,hongy
honge,hongy
honton,honton
hooria,hooria
hope,hope
horai,horai
hosakta,hosakta
hosh,hosh
hospital,hospital
hota,hotii
hote,hota
hoti,hota
htt,hota
hotel,hotel
hotii,hotii
houses,houses
howdy,howdy
howi,howi
hoya,hoya
hoyea,hoya
huyi,hoya
hqi,hqi
https,https
huaaa,huaaa
huaaaa,huaaa
hukmran,hukmran
hukum,hukum
humaaraaaa,humaaraaaa
human,human
humnay,human
humare1000,humare1000
humour,humour
hunar,hunar
hunga,hunga
hungama,hungama
hunger,hunger
hurrr,hurrr
husband,husband
husbands,husbands
huway,huway
hygene,hygene
ia,ia
iba,iba
ibted,ibted
ice,ice
is,ice
ise,ice
isi,ice
ich,ich
id,id
idea,id
it,id
idhar,idhar
idk,idk
if,if
iv,if
ignore,ignore
ijaazat,ijaazat
ik,ik
ikhtyar,ikhtyar
ilaha,ilaha
ilaj,ilaj
ilallah,ilallah
ilawa,ilawa
ill,ill
illegal,illegal
illiterate,illiterate
ilm,ilm
ilzam,ilzam
im,im
imaandaar,imaandaar
imandaar,imaandaar
iman,iman
imandari,imandari
impa,impa
impossible,impossible
impression,impression
imran,imran
imrn,imran
imthan,imthan
in,in
ini,in
inni,in
inaam,inaam
inch,inch
insha,inch
increase,increase
independence,independence
india,india
inti,india
indian,indian
induced,induced
industries,industries
infinity,infinity
information,information
inherit,inherit
inheritance,inheritance
inhone,inhone
inhu,inhu
initiated,initiated
inka,inki
inke,inka
inko,inka
inkaar,inkaar
inki,inki
insaan,insan
insaano,insaan
insan,insan
insta,insta
install,install
instant,instant
instead,instead
institute,institute
insult,insult
inteha,inteha
interest,interest
interested,interested
interesting,interesting
international,international
interviews,interviews
intezaar,intezaar
intezar,intezaar
intzaar,intezaar
intial,intial
intkhabat,intkhabat
investigate,investigate
investigative,investigative
iphone,iphone
iqbal,iqbal
iqtidaar,iqtidaar
irada,irada
irlradio,irlradio
irritates,irritates
isaro,isaro
issar,isaro
isay,isse
iss,isay
issi,isay
ishara,ishara
ishfaat,ishfaat
ishq,ishq
isiliye,isliyea
isleye,isiliye
isliye,isiliye
islye,isiliye
iska,iski
iske,iska
isko,iska
isski,iska
iski,iski
islam,islam
islamabad,islamabad
isle,isle
isl,isle
isley,isle
isliyea,isliyea
isn,isn
israil,israil
isse,isse
issue,isse
istemal,istemal
istemaal,istemal
itana,itne
itna,itana
itni,itana
itbp,itbp
itne,itne
itny,itne
ittay,ittay
iykwim,iykwim
izhar,izhar
izzat,izzat
ja,jaa
ja0,ja
jaao,ja
jae,ja
jah,ja
jai,ja
jao,ja
jaoo,ja
jay,ja
je,ja
jee,ja
ji,ja
jo,ja
joo,ja
ju,ja
jaa,jaa
jaey,jaa
jaag,jaake
jaaga,jaag
jaagu,jaag
jaga,jaag
jake,jaag
jauga,jaag
jga,jaag
jaagata,jaagata
jaake,jackie
jack,jaake
jaika,jaake
jaan,jaanaa
jaana,jaan
jaane,jaan
jaany,jaan
jan,jaan
janay,jaan
jane,jaan
jani,jaan
jano,jaan
jany,jaan
jaon,jaan
jaun,jaan
jin,jaan
join,jaan
jaanaa,jaanaa
jana,jaanaa
jaata,jaati
jaate,jaata
jada,jaata
jat,jaata
jatay,jaata
jati,jaata
jaty,jaata
jeeta,jaata
jita,jaata
joota,jaata
jaati,jaati
jata,jaati
jate,jaati
jeeti,jaati
jaayega,jaayega
jayega,jaayega
jaayegi,jaayegi
jayegi,jaayegi
jab,jab
jb,jab
jeb,jab
job,jab
jub,jab
jabse,jabse
jackie,jackie
jagah,jagah
jaogay,jagah
jagaya,jagaya
jaggey,jaggey
jaghta,jaghta
jagir,jagir
jagjitsingh,jagjitsingh
jahaan,jahaan
jahan,jahaan
jahaz,jahaz
jahil,jahil
jahils,jahils
jaigi,jaogi
jaaegi,jaigi
jaoge,jaigi
jaisay,jaisy
jaisa,jaisay
jaise,jaisay
jaisi,jaisay
jaisy,jaisy
jesy,jaisy
jis,jaisy
jise,jaisy
jala,jala
jaal,jala
jal,jala
jalao,jala
jali,jala
jaldi,jaldi
jald,jaldi
jalte,jaldi
jalsay,jalsay
jalsa,jalsay
jalwa,jalwa
jama,jama
jamaat,jamaat
jamaati,jamaat
jamat,jamaat
jamane,jamane
jamuna,jamane
janaab,janaab
janab,janaab
janam,janam
janmo,janam
janazey,janazey
janbahaq,janbahaq
janchny,janchny
janey,janey
jange,jange
jaongi,jange
jaungi,jange
janhit,janhit
janlokpal,janlokpal
jannt,jannt
jaante,jannt
janta,jannt
jante,jannt
jantay,jantay
jantey,jantay
janwar,janwar
jaogi,jaogi
japan,japan
jara,jara
jare,jara
jure,jara
jaroor,jaroor
jarur,jaroor
jarorat,jarorat
jasoda,jasoda
jatahi,jatahi
jatani,jatani
jitni,jatani
jatati,jatati
jatinder,jatinder
javeed,javeed
jawaab,jawaab
jawab,jawaab
jawan,jawan
jawano,jawan
jwain,jawan
jaya,jaya
jaaye,jaya
jaye,jaya
jiya,jaya
jiye,jaya
jyaa,jaya
jayan,jayen
jayein,jayan
jayda,jayda
juda,jayda
jayen,jayen
jayenge,jayengi
jayengey,jayenge
jiyenge,jayenge
jayengi,jayengi
jbtw,jbtw
jealous,jealous
jeddah,jeddah
jeet,jeetu
jeeto,jeet
jeetege,jeetege
jeetenge,jeetenge
jeetne,jeetne
jitne,jeetne
jeetu,jeetu
jesa,jesa
jese,jesa
js,jesa
jus,jesa
jha,jha
jha2,jha
jhang,jhang
jharkhand,jharkhand
jharokha,jharokha
jhatka,jhatka
jhingalala,jhingalala
jhoome,jhoome
jhoot,jhoot
jhooti,jhoot
jhut,jhoot
jhooth,jhooth
jhoothe,jhooth
jhuk,jhuke
jhuka,jhuk
jhuke,jhuke
jhuthhbola,jhuthhbola
jihad,jihad
jijaji,jijaji
jinhein,jinhein
jinke,jinke
jinnah,jinnah
jiroo,jiroo
jisdin,jisdin
jiska,jisko
jiske,jiska
jisko,jisko
jispar,jispar
jisse,jisse
jitna,jitna
jtna,jitna
jiyalunki,jiyalunki
jobless,jobless
jodha,jodha
jodhaakbar,jodhaakbar
joker,joker
joote,joote
joothe,joothe
journalism,journalism
journey,journey
jrur,jrur
juban,juban
jubhi,jubhi
judai,judai
judge,judge
judgement,judgement
juice,juice
just,just
justifies,justifies
jyada,jyada
jayada,jyada
kaahilon,kaahilon
kaalu,kaalu
kal,kaalu
kaam,kaam
kam,kaam
km,kaam
kom,kaam
kum,kaam
kaanch,kaanch
kaante,kaante
kaar,kara
kar,kaar
kare,kaar
karo,kaar
karre,kaar
karu,kaar
ker,kaar
kr,kaar
kur,kaar
kaarunga,kaarunga
karunga,kaarunga
kaash,kaash
kash,kaash
kab,kab
kabee,kab
kabi,kab
kb,kab
kbi,kab
kabar,kabar
kabhi,kabhi
kbhi,kabhi
kabool,kabool
kachdaroo,kachdaroo
kadar,kadar
kadhe,kadhe
kafi,kafi
kah,kea
ka,kah
kai,kah
kao,kah
kay,kah
ke,kah
kee,kah
keh,kah
kew,kah
key,kah
ki,kah
kiaa,kah
kio,kah
kk,kah
ko,kah
koi,kah
kou,kah
ku,kah
ky,kah
kahaani,kahani
kahan,kahaani
khaan,kahaani
khaini,kahaani
khani,kahaani
kahani,kahani
kahin,kahani
khan,kahani
khane,kahani
kahati,kahati
khata,kahati
khate,kahati
kahe,kahe
kaha,kahe
kahi,kahe
kaho,kahe
kahoo,kahe
keho,kahe
kha,kahe
khe,kahe
khi,kahe
kho,kahe
kahinge,kahinge
kahogy,kahogy
kahta,kehte
kahte,kahta
kat,kahta
kehta,kahta
kehti,kahta
kuta,kahta
kutta,kahta
kahye,kahye
kaya,kahye
kiye,kahye
kaika,kaika
kik,kaika
kainaat,kainaat
kaisa,kaise
kaisay,kaisa
kaisi,kaisa
kasi,kaisa
kesa,kaisa
kis,kaisa
kise,kaisa
kisi,kaisa
kiss,kaisa
kisy,kaisa
kaise,kaise
kaisy,kaise
kese,kaise
kse,kaise
kaleja,kaleja
kaliyaan,kaliyaan
kaliyan,kaliyaan
kalma,kalma
kamal,kamal
komal,kamal
kameene,kameene
kamina,kamini
kaminey,kamina
kamini,kamini
kamzor,kamzor
kan,kan
kaun,kan
kion,kan
kiun,kan
kon,kan
koun,kan
kuin,kan
kun,kan
kandhe,kandhe
kanha,kanha
kanjar,kanjar
kanpur,kanpur
kanth,kanth
kapil,kapil
kappors,kappors
kaproo,kaproo
kara,kara
kra,kara
kre,kara
kro,kara
karain,karana
karan,karain
karein,karain
karien,karain
karn,karain
karon,karain
karun,karain
kiran,karain
krain,karain
karakht,karakht
karana,karne
karna,karana
karnay,karana
karny,karana
krna,karana
karbala,karbala
kardi,kartai
kardo,kardi
karta,kardi
karte,kardi
krdo,kardi
krti,kardi
kardiya,kardiya
karega,karega
karogay,karega
karuga,karega
krega,karega
karengai,karengai
karenge,karenge
karungi,karenge
karib,karib
karish,karish
karishma,karishma
karjaa,karjaa
karke,krke
kerkee,karke
krk,karke
karkrgdi,karkrgdi
karlo,karlo
karloun,karloun
karlsson,karlsson
karma,karma
karnataka,karnataka
karne,karne
karnee,karne
kerne,karne
kirno,karne
krn,karne
krni,karne
karoge,karoge
karogey,karoge
keroge,karoge
kroge,karoge
karoon,karoon
kron,karoon
karoongi,karoongi
karrahi,karrahi
karsakti,karsakti
kersekti,karsakti
kartai,kartai
kartay,kartai
karty,kartai
kerta,kartai
krta,kartai
karwa,karwa
karwane,karwane
karwata,karwata
karye,karye
kasam,kasam
kasm,kasam
kasar,kasar
kasoor,kasar
kesar,kasar
ksr,kasar
kasooor,kasooor
kusoor,kasooor
katrena,katrena
katrina,katrena
kattoti,kattoti
kaunon,kaunon
kch,kuchh
kuch,kch
kuchi,kch
kea,kea
kia,kea
koe,kea
keechar,keechar
keep,keep
kp,keep
keety,keety
ket,keety
kuty,keety
kehen,kehen
khon,kehen
kehna,kehne
kehnay,kehna
kehne,kehne
kune,kehne
kehte,kutte
kite,kehte
kute,kehte
kejriwal,kejriwal
kejriwall,kejriwal
keley,keley
keliye,keliye
keluarga,keluarga
kenya,kenya
kerala,kerala
kerte,krty
karate,kerte
karti,kerte
krte,kerte
kesay,kesay
kewal,kewal
keya,kyaa
kiya,keya
kya,keya
kyo,keya
kyu,keya
khaa,khaa
khao,khaa
khaaan,khanay
khaane,khaaan
khana,khaaan
khaas,khaas
khas,khaas
khus,khaas
khaate,khaate
khade,khaate
khabar,khabar
khabees,khabees
khabi,khabi
khabrein,khabrein
khabron,khabrein
khafa,khafa
khail,khale
khala,khail
khali,khail
khel,khail
khil,khail
khol,khail
khul,khail
khair,khair
kher,khair
khairaat,khairaat
khairat,khairaat
khajjal,khajjal
khake,khake
khale,kholo
khola,khale
khule,khale
khulle,khale
khanay,khanay
khanjar,khanjar
khans,khans
kharaab,khrab
kharab,kharaab
khraab,kharaab
kharan,kharan
kharch,kharch
khrcha,kharch
khareed,khareed
kharid,khareed
khatam,khatma
khatm,khatam
khatarnak,khatarnak
khatma,khatma
khaya,khaya
khaye,khaya
khoye,khaya
khayal,khayal
khayega,khayega
khd,khd
khod,khd
khud,khd
khich,khich
khush,khich
khilaaf,khilaaf
khilaf,khilaaf
khiladi,khiladi
khilana,khilana
khilenge,khilenge
khilte,khilte
khipro,khipro
khirki,khirki
khitay,khitay
khobsorat,khobsorat
khobsurat,khobsorat
khoobsurat,khobsorat
khokr,khokr
kholo,kholo
khuli,kholo
khoof,khoof
khoon,khoon
khopdi,khopdi
khrab,khrab
khudake,khudake
khujli,khujli
khulla,khulla
khushboo,khushboo
khushi,khushi
khushiya,khushiya
khusi,khusi
khusiya,khusiya
khusra,khusra
khuwaab,khuwaab
khawab,khuwaab
khuwab,khuwaab
khwaab,khuwaab
khwab,khuwaab
khwaabon,khwaabon
khwabon,khwaabon
khwahis,khwahis
khwaiesh,khwaiesh
kicking,kicking
kid,kid
kud,kid
kudi,kid
kidhar,kidhar
kind,kind
kinda,kind
king,king
kiraaye,kiraaye
kisano,kisano
kisne,kisano
kishtwar,kishtwar
kisike,kiska
kisiko,kisike
kisko,kisike
kiska,kiska
kisnay,kisnay
kissi,kissi
ksi,kissi
kitaab,kitaab
kitab,kitaab
kitna,kitni
kitne,kitna
kitny,kitna
ktne,kitna
kitni,kitni
ktny,kitni
kiyonke,kiyonke
kyonki,kiyonke
kjais,kjais
klopp,klopp
kmjor,kmjor
knorr,knorr
know,know
knw,know
knows,knows
knws,knows
koii,koii
koliwada,koliwada
konse,konse
konsi,konse
koshish,koshish
kosis,kosis
koyla,koyla
kala,koyla
kpk,kpk
kraziness,kraziness
krdy,krty
krtay,krdy
kren,kren
krne,kren
krny,kren
krun,kren
kripa,kripa
krishna,krishna
krke,krke
krou,krou
krrha,krrha
krty,krty
ktc,ktc
ktd,ktd
kuchh,kuchh
kulli,kulli
kumbh,kumbh
kursi,kursi
kushi,kushi
kushiyon,kushiyon
kutte,kutte
kuttey,kutte
kuttika,kuttika
kutton,kutton
kv,kv
kyaa,kyaa
kyoon,kyoon
kiyon,kyoon
kyon,kyoon
kyun,kyoon
laajawab,laajawab
laal,laal
lala,laal
lalu,laal
laanat,laanat
laat,laatey
laate,laat
laati,laat
lad,laat
lade,laat
late,laat
lati,laat
let,laat
loot,laat
lot,laat
lout,laat
lt,laat
laatey,laatey
lab,lab
ladai,ladai
loda,ladai
ladho,ladho
ladke,ladke
ladki,ladke
ldki,ladke
ladkiii,ladkiii
ladkiyo,ladkiyo
ladoge,ladoge
lafz,lafz
lafzon,lafzon
lag,lagai
laga,lag
lagay,lag
lagg,lag
lagu,lag
lak,lag
lg,lag
lgay,lag
loag,lag
log,lag
logo,lag
loog,lag
loug,lag
lug,lag
lagai,lagai
lga,lagai
luga,lagai
lagake,lagake
lagale,lagale
lagan,lagan
lagana,lagan
lakin,lagan
lekan,lagan
lgana,lagan
logon,lagan
lagate,lagty
lagta,lagate
lagti,lagate
lagaye,lagaye
lgaya,lagaye
lagda,lagda
lagte,lagda
lgta,lagda
lugta,lagda
lage,lage
lagi,lage
lgi,lage
lagega,lagega
laging,laging
lagne,lagne
lene,lagne
line,lagne
lagty,lagty
lgti,lagty
lahore,lahore
lahoti,lahoti
lakh,likha
lakho,lakh
likh,lakh
likhi,lakh
lkha,lakh
lakhs,lakhs
lakiro,lakiro
lalach,lalach
lalchi,lalach
lalitaji,lalitaji
lambay,lambay
lambi,lambay
lamho,lamho
lang,lang
lanka,lang
link,lang
long,lang
lunga,lang
language,language
lannti,lannti
lao,lay
la,lao
law,lao
le,lao
lee,lao
li,lao
liay,lao
lie,lao
liy,lao
ll,lao
lo,lao
low,lao
lu,lao
ly,lao
laptop,laptop
largest,largest
larkana,larkana
larkin,larkana
larke,larke
larki,larke
larkiyaan,larkiyaan
larkiyon,larkiyaan
larkoon,larkoon
larnay,larnay
larr,larr
lartay,lartay
lashaie,lashaie
lassi,lassi
less,lassi
last,last
least,last
lost,last
later,later
leader,later
latest,latest
laude,laude
lautkar,lautkar
lauuuu,lauuuu
lay,lay
lia,lay
liey,lay
layee,layee
laya,layee
leye,layee
liye,layee
lye,layee
lazmi,lazmi
leaders,leaders
learn,learn
leas,leas
leaves,leaves
loves,leaves
led,lete
leta,led
lod,led
left,left
lefty,left
legend,legend
legitimate,legitimate
lekar,lekar
lekin,lekin
lkn,lekin
lele,lele
lelo,lele
lemon,lemon
lena,lena
leneka,leneka
lenge,lenge
lungi,lenge
lessons,lessons
lete,lete
lite,lete
lota,lete
luta,lete
level,level
leythay,leythay
lick,lucky
like,lick
look,lick
luck,lick
lyk,lick
lifafa,lifafa
life,life
live,life
love,life
lve,life
lyf,life
liftan,liftan
light,light
lijye,lijye
liked,liked
likha,likha
likho,likha
likhte,likhte
likhta,likhte
likhti,likhte
limit,limit
lines,lines
lip,lip
liplop,liplop
lips,lips
listen,listen
listening,listening
littering,littering
little,little
living,living
liya,liya
liyay,liya
lyea,liya
lmao,lmao
lmaoooo,lmaoooo
loadsheding,loadsheding
loan,loan
loon,loan
local,local
logic,logic
lohia,lohia
loksabhamp,loksabhamp
londi,londi
lund,londi
lookng,lookng
looks,looks
lots,lots
lets,lots
loved,loved
lovers,lovers
lpg,lpg
lrgj2slpyi,lrgj2slpyi
lrkyon,lrkyon
lucky,lucky
lutyens,lutyens
luv,luv
lov,luv
lying,lying
lyrics,lyrics
ma,ma
maa,ma
mae,ma
mah,ma
mai,ma
may,ma
me,ma
mei,ma
mey,ma
muh,ma
my,ma
maaf,maaf
maal,maila
mail,maal
maile,maal
maily,maal
mal,maal
mall,maal
maula,maal
mil,maal
maalaiye,maalaiye
maamu,maamu
mama,maamu
mami,maamu
mamu,maamu
maan,mana
maen,maan
main,maan
mainy,maan
man,maan
mann,maan
many,maan
mean,maan
mein,maan
men,maan
min,maan
mn,maan
moon,maan
moun,maan
maansik,maansik
mansik,maansik
maante,maante
manta,maante
maar,mara
maaro,maar
mar,maar
maraa,maar
mari,maar
maro,maar
mary,maar
mir,maar
mor,maar
mr,maar
maarna,marna
maarne,maarna
marn,maarna
marne,maarna
maarthi,maarthi
macha,macha
match,macha
mch,macha
much,macha
machar,machar
mad,mata
made,mad
maot,mad
mat,mad
maut,mad
med,mad
mit,mad
modi,mad
mood,mad
mt,mad
madam,madam
madharchoooooood,madharchoooooood
madhubala,madhubala
madrid,madrid
mafia,mafia
maga,maga
mg,maga
moka,maga
moqa,maga
magar,magar
mgr,magar
mahal,mahal
mahan,mahan
maharashtra,maharashtra
mahatama,mahatama
mahdooms,mahdooms
maheboob,maheboob
mahengi,mahengi
mahmood,mahmood
maila,maila
maili,maila
mela,maila
mila,maila
milay,maila
mile,maila
mili,maila
maiz,maiz
masi,maiz
maza,maiz
maze,maiz
mazza,maiz
maj,mja
maja,maj
maje,maj
mj,maj
mje,maj
mjje,maj
muj,maj
mujj,maj
mujy,maj
maj33d,maj33d
majboor,majboor
majbur,majboor
majnu,majnu
mejn,majnu
majority,majority
makaan,makaan
makah,makah
makha,makha
megha,makha
making,making
makng,making
malaria,malaria
malik,malik
milk,malik
mulak,malik
mulk,malik
malkhan,malkhan
maloom,maloom
malum,maloom
malti,malti
milta,malti
milte,malti
mamashree,mamashree
mammoth,mammoth
mana,mene
maine,mana
mano,mana
menay,mana
meny,mana
mine,mana
mne,mana
manchester,manchester
mandi,mandi
manti,mandi
mind,mandi
mang,mang
manga,mang
mng,mang
mangti,mangti
manhoos,manhoos
manikchand,manikchand
mantri,mantri
mantrimandal,mantrimandal
manusmriti,manusmriti
manzil,manzil
manzoor,manzoor
mara,mere
mare,mara
marr,mara
mera,mara
meray,mara
meri,mara
mery,mara
more,mara
mre,mara
myri,mara
marein,marein
marijuana,marijuana
mariyum,mariyum
maryam,mariyum
market,market
marksheet,marksheet
marna,marna
marny,marna
married,married
marry,marry
marta,marty
marte,marta
marty,marty
marzi,marzi
masala,masala
masla,masala
msla,masala
mashaallah,mashaallah
mashallah,mashaallah
masjid,masjid
masomiat,masomiat
masoom,masoom
masroof,masroof
mast,mast
masti,mast
most,mast
msd,mast
must,mast
master,master
mata,motay
mite,mata
mota,mata
moti,mata
mute,mata
math,math
mithu,math
mouth,math
maths,maths
matlab,matlb
matlabi,matlab
mtlab,matlab
matlb,matlb
mtlb,matlb
mausan,mausan
mausi,mausi
messi,mausi
maybe,maybe
maydan,maydan
mayyat,mayyat
mazaak,mazaak
mazak,mazaak
mazaq,mazaak
mazakh,mazakh
mazay,mazay
mazzay,mazay
mazdoor,mazdoor
mazdooro,mazdoor
mazeez,mazeez
mazloom,mazloom
mc,mc
mcnair,mcnair
meaningless,meaningless
means,means
mns,means
media,media
medium,medium
meet,meet
mout,meet
meethi,meethi
meeting,meeting
meherbaan,meherbaan
mehfil,mehfil
mehmand,mehmand
mehnat,mehnat
mehrabaan,mehrbaani
mehrbaan,mehrabaan
merabaan,mehrabaan
mehrbaani,mehrbaani
meii,meii
meko,meko
melbourne,melbourne
melody,melody
memon,memon
memory,memory
menambahkan,menambahkan
menang,menang
mene,mene
money,mene
mental,mental
mention,mention
mentions,mentions
meraaj,meraaj
mere,mere
mese,mese
miss,mese
ms,mese
message,message
methanol,methanol
metro,metro
mha,mha
mheno,mheno
middle,middle
milawat,milawat
milaya,milaya
milega,milega
milke,milke
milna,milna
milne,milna
miltay,miltay
milti,miltay
mirchi,mirchi
misdeeds,misdeeds
missed,missed
mistake,mistake
mitali,mitali
mitane,mitane
mithai,mithai
mitjayenge,mitjayenge
mix,mix
mja,mja
muje,mja
mjhy,mujhay
mjhe,mjhy
mujh,mjhy
mujhe,mjhy
mujhy,mjhy
mndr,mndr
mobile,mobile
modibhakts,modibhakts
modified,modified
modiji,modiji
modinama,modinama
modis,modis
mohabat,mohobbat
mohabbat,mohabat
mohhabat,mohabat
muhabbat,mohabat
mohabbbat,mohabbbat
mohhaabbat,mohabbbat
mohallr,mohallr
mohobbat,mohobbat
mom,mom
mum,mom
monh,monh
month,month
months,months
mooh,mooh
morning,morning
morons,morons
motay,motay
motivational,motivational
move,move
movie,move
mv,move
movement,movement
movies,movies
moviez,movies
mozo,mozo
mp,mp
mps,mps
mrng,mrng
msg,msg
muahhh,muahhh
mubark,mubark
mubham,mubham
mufc,mufc
muffler,muffler
mufti,mufti
muhabbton,muhabbton
muhammadur,muhammadur
mujge,mujge
mujhay,mujhay
mujhey,mujhay
mujhse,mujhse
mujje,mujje
mujjse,mujjse
mujse,mujjse
mujpey,mujpey
mukam,mukam
mukesh,mukesh
mukhtasar,mukhtasar
mukhtlif,mukhtlif
mulakat,mulakat
mulaqat,mulakat
mulayam,mulayam
mullayum,mulayam
mullah,mullah
mullon,mullon
multan,multan
mumalik,mumalik
mumbai,mumbai
munafik,munafik
muqaable,muqaable
muqabla,muqaable
murgeki,murgeki
murghi,murghi
murph,murph
musalman,musalman
musalmani,musalman
musharaf,musharaf
mushraf,musharaf
mushkil,mushkil
music,music
muskrahat,muskrahat
muskurahat,muskrahat
muskura,muskura
muskurate,muskurate
muththi,muththi
mutual,mutual
muzakrat,muzakrat
myambtmhkb,myambtmhkb
myself,myself
na,naaa
naa,na
nae,na
nah,na
nai,na
nay,na
ne,na
new,na
ney,na
ni,na
no,na
now,na
nu,na
ny,na
naaa,naaa
naadan,naadan
nadan,naadan
naag,naag
naak,naag
naahi,naahi
nahe,naahi
nahi,naahi
nhi,naahi
naal,naal
nal,naal
neel,naal
null,naal
naam,nama
nam,naam
name,naam
num,naam
nachega,nachega
naendra,naendra
nafrat,nafrat
nafsiyati,nafsiyati
nagin,nagin
nagrii,nagrii
nahane,nahane
nahin,nahane
nahee,nahee
nahii,nahee
nhe,nahee
nainu,nainu
nana,nainu
najm,najm
najuk,najuk
nakhane,nakhane
nama,nama
namaste,namaste
namaz,namaz
nanad,nanad
nand,nanad
nind,nanad
napunsak,napunsak
naqab,naqab
niqab,naqab
naqlii,naqlii
nara,nara
near,nara
noora,nara
nr,nara
naraaz,naraaz
naraz,naraaz
narazgi,narazgi
narendra,narendra
naseeb,naseeb
naseer,naseer
nasha,nashay
nashai,nasha
nashe,nasha
nishi,nasha
nashay,nashay
nasonewali,nasonewali
nateeja,nateeja
nation,nation
nations,nations
nature,nature
naughty,naughty
nautanki,nautanki
noutanki,nautanki
nav,nav
nov,nav
navin,navin
nawab,nawab
nawaz,nawaz
nawazay,nawaz
nawz,nawz
news,nawz
naya,naya
nayi,naya
nazar,nazar
nazro,nazar
nisar,nazar
nazeem,nazeem
nazuk,nazuk
nd,nd
need,nd
net,nd
nit,nd
not,nd
nt,nd
necklace,necklace
neechay,neechay
needed,needed
neend,neend
negative,negative
negatives,negatives
nehru,nehru
neighbor,neighbor
neighbors,neighbors
nemenin,nemenin
nendh,nendh
nepali,nepali
neta,neta
niti,neta
note,neta
nyt,neta
netaon,netaon
network,network
ntwork,network
never,never
newborn,newborn
newyork,newyork
next,next
nh,nh
nhin,nhin
nhn,nhin
ni8,ni8
nibha,nibha
nice,nice
niche,niche
nidar,nidar
nigaar,nigaar
nigah,nigah
night,night
nightmare,nightmare
nigs,nigs
nikal,nikale
nikala,nikal
nikalo,nikal
nikli,nikal
nikale,nikale
nikalte,nikalte
nikhal,nikhle
nikhil,nikhal
nikhle,nikhle
nilavu,nilavu
nimbu,nimbu
nipta,nipta
niral,niral
nirgun,nirgun
nitesh,nitesh
niyat,niyat
nobody,nobody
nojwan,nojwan
nokia,nokia
non,non
nonono,nonono
nonsense,nonsense
noodles,noodles
noor,noor
nope,nope
nops,nops
normal,normal
notifications,notifications
november,novemeber
novembr,november
novemeber,novemeber
nukar,nukar
nuksaan,nuksaan
nuqsaan,nuksaan
number,number
nus,nus
nxm,nxm
nyare,nyare
nzren,nzren
obama,obama
objection,objection
oceans,oceans
odi,odi
out,odi
of,of
off,of
offff,offff
office,office
officer,officer
officially,officially
officialy,officially
oh,oh
ohh,oh
ohhh,ohhh
ohkk,ohkk
ok,ok
okay,ok
okaat,okaat
okat,okaat
ookaat,okaat
ol,ol
olaad,old
olad,olaad
old,old
omar,omar
omg,omg
on,on
one,on
own,on
online,online
only,only
onside,onside
ooncha,ooncha
op,op
or,or
our,or
oral,oral
orh,orh
orignal,orignal
osaama,osaama
oska,oska
osmaan,osmaan
osne,osne
other,other
otono,otono
outlet,outlet
outrage,outrage
over,over
overthinking,overthinking
owaisi,owaisi
ownership,ownership
oye,oye
pa,pa
pae,pa
pay,pa
pe,pa
pee,pa
pi,pa
poo,pa
pp,pa
py,pa
paaji,paaji
paan,paane
paana,paan
paani,paan
pan,paan
pani,paan
peon,paan
paane,paane
peene,paane
pine,paane
pune,paane
pabandi,pabandi
pace,pace
paas,pace
paise,pace
pas,pace
pese,pace
piece,pace
pose,pace
pachtao,pachtao
pachtaogay,pachtaogay
pachtava,pachtava
packts,packts
pad,pade
pada,pad
padi,pad
pado,pad
paid,pad
pait,pad
pata,pad
pati,pad
pta,pad
pti,pad
pade,pade
paida,pade
padegi,padegi
padenge,padenge
padhai,padhai
padho,padhai
padhne,padhne
padhta,padhta
padhunga,padhunga
padne,padne
padsnd,padsnd
padti,padti
pagal,pagal
pagli,pagal
page,page
pahle,pahle
pahli,pahle
pal,pahle
pehla,pahle
pehle,pahle
pahuch,pahuch
pahunch,pahunch
pahuncha,pahunch
paisa,paisa
paisay,paisa
pass,paisa
pak,pak
pakay,pak
paki,pak
pakka,pak
peg,pak
pic,pak
pick,pak
pig,pak
piku,pak
pk,pak
puck,pak
pakane,pakane
pakd,pakd
pakistan,pakistanio
pakistani,pakistan
pakistanio,pakistanio
pakles,pakles
pakora,pakora
palak,palak
palanhare,palanhare
palkhi,palkhi
palne,palne
pelne,palne
plane,palne
panchi,panchi
pandit,pandit
pankh,pankh
papa,papa
pappu,papa
papaji,papaji
papapa,papapa
paper,paper
par,par
pari,par
paro,par
per,par
poor,par
pora,par
pr,par
pre,par
pura,par
pure,par
pyr,par
paraathe,paraathe
parade,parade
parda,parade
parag,parag
parega,parag
park,parag
parasti,parasti
pardesi,pardesi
parents,parents
pareshan,pareshan
pereshan,pareshan
preshan,pareshan
parfuum,parfuum
parh,parhai
parha,parh
parhe,parh
perha,parh
parhai,parhai
parhegi,parhegi
parhne,parhne
parhta,parhta
parle,parle
parliament,parliament
parpudi,parpudi
parshad,parshad
parso,parso
part,part
party,part
participate,participate
parties,parties
pasanad,pasanad
pasand,pasanad
pasnd,pasanad
pasar,pasar
paseena,paseena
pasha,pasha
pucha,pasha
passs,passs
past,past
paste,past
post,past
pataa,pataa
patto,pataa
pita,pataa
patanai,patanai
patel,patel
pathan,pathan
pathar,pathar
pather,pathar
patthar,pathar
patharme,patharme
patrakar,patrakar
patshala,patshala
pawan,pawan
paya,piyu
piye,paya
payagi,payagi
payar,pyara
payari,payar
piyara,payar
pyaar,payar
pyar,payar
pyare,payar
payega,payega
payenge,payenge
pckage,pckage
pechan,pechan
pehchan,pechan
peche,peche
peeche,peche
piche,peche
pichy,peche
pocho,peche
puche,peche
puchi,peche
peee,peee
peekai,peekai
peena,peena
pena,peena
peet,peet
peeta,peet
pehlay,pehlay
pehli,pehlay
play,pehlay
pel,pel
ppl,pel
pul,pel
people,people
perfection,perfection
permisson,permisson
person,person
personal,personal
persons,persons
peshoo,peshoo
phaad,phaad
phadday,phadday
phaink,phaink
phanse,phanse
pharmaciston,pharmaciston
pheebs,pheebs
pheeni,pheeni
phenke,phenke
pher,pher
phir,pher
phr,pher
philosophy,philosophy
phle,phle
phodhne,phodhne
phone,phone
phool,phool
phoolon,phoolon
photographer,photographer
photoshop,photoshop
phuppi,phuppi
phuppo,phuppi
physics,physics
pichay,pichay
pichkari,pichkari
pichle,pichle
pichwada,pichwada
piers,piers
pighalti,pighalti
pijie,pijie
pilla,pilla
pilot,pilot
pitaji,pitaji
pity,pity
piyaas,piyaas
pyaas,piyaas
piyu,piyu
plaega,plaega
plan,plan
planet,planet
plastic,plastic
platform,platform
players,players
playing,playing
playlist,playlist
pleas,pleas
please,pleas
pls,pleas
pljj,pljj
pljjj,pljj
plz,plz
plzz,plz
plzzz,plzzz
plzzzzzz,plzzzzzz
plzzzzzzzzz,plzzzzzzzzz
plzzzzzzzzzz,plzzzzzzzzz
pm,pm
pmln,pmln
pochne,pochne
puchna,pochne
poetic,poetic
poetry,poetry
pohancho,pohancho
pohanchy,pohancho
pohnch,pohnch
poonch,pohnch
point,point
poisons,poisons
pokct,pokct
police,police
policy,police
political,political
politicians,politicians
politics,politics
pondi,pooondi
poondi,pondi
ponka,ponka
poocha,poocha
pooja,pooja
poojna,poojna
pooondi,pooondi
poori,poori
poora,poori
puri,poori
popkorn,popkorn
popular,popular
porn,porn
purne,porn
pornnisa,pornnisa
positive,positive
possession,possession
possible,possible
poster,poster
potency,potency
poth,poth
power,power
poz,poz
psu,poz
ppp,ppp
prabhakar,prabhakar
prabhu,prabhu
prachar,prachar
practical,practical
pradyuman,pradyuman
pranam,pranam
praneet,praneet
prati,prati
prayin,prayin
prblm,prblm
problem,prblm
precap,precap
precise,precise
predictable,predictable
preety,preety
prefer,prefer
pregnant,pregnant
prep,prep
presentation,presentation
presents,presents
president,president
previous,previous
previously,previously
princes,princes
prinda,prinda
prinday,prinda
pritam,pritam
priya,priya
priyanka,priyanka
prob,prob
production,production
products,products
programme,programme
programming,programming
project,project
promise,promise
promiss,promise
promo,promo
proof,proof
prove,proof
property,property
proposed,proposed
protest,protest
proud,proud
psf,psf
psnd,psnd
psychoanalysis,psychoanalysis
ptawari,ptawari
public,public
published,published
puchengy,puchengy
puchiye,puchiye
puchte,puchte
puchti,puchte
pujo,pujo
puneet,puneet
punjabi,punjabi
punjabians,punjabians
punta,punta
punter,punter
puny,puny
puraanaa,puraanaa
purana,puraanaa
purani,purani
purity,purity
putar,putar
puttar,putar
pveetur,pveetur
pvt,pvt
pyara,pyara
pyaso,pyaso
pyase,pyaso
qabool,qabool
qubool,qabool
qad,qad
qadam,qadam
qadar,qadar
qareeb,qareeb
qatil,qatil
qaatil,qatil
qeemat,qeemat
qehat,qehat
qismat,qismat
qmobile,qmobile
qoam,qoam
qaum,qoam
qudrat,qudrat
queen,queen
question,question
questions,questions
quoaaaa,quoaaaa
quota,quota
quraishi,quraishi
qus,qus
ra,ra
raah,ra
rae,ra
rah,ra
rai,ra
re,ra
reh,ra
ri,ra
ro,ra
roo,ra
roy,ra
ry,ra
raaj,raaj
raja,raaj
raand,raand
randi,raand
rind,raand
raaste,raste
rasta,raaste
rastey,raaste
raat,raat
raati,raat
raato,raat
rahte,raat
raid,raat
rat,raat
rate,raat
rati,raat
ratta,raat
read,raat
road,raat
rt,raat
raatko,raatko
raaton,raaton
ratan,raaton
raaz,raaz
riaz,raaz
rooz,raaz
roz,raaz
rab,rab
rob,rab
rub,rab
rabdino,rabdino
raga,raga
rago,raga
rak,raga
ruka,raga
ragad,ragad
raghu,raghu
rakh,raghu
rakhe,raghu
rakhi,raghu
rakho,raghu
raha,rahay
rahaa,raha
rahe,raha
rahi,raha
raho,raha
reha,raha
rha,raha
rhay,raha
rhi,raha
rhy,raha
rahay,rahay
rehay,rahay
rhaay,rahay
rahega,rahega
rahegi,rahegi
raheho,raheho
rahein,rahein
rahin,rahein
rahon,rahein
rhen,rahein
rahenge,rahenge
rhengi,rahenge
rahiye,rahiye
rahiyo,rahiye
rahtai,rahtai
rahti,rahtai
rata,rahtai
rehta,rahtai
rehti,rahtai
rahul,rahul
railgate,railgate
railway,railway
rajnath,rajnath
rajniti,rajniti
rajshree,rajshree
rajya,rajya
rakaha,rakaha
rakha,rakaha
rekha,rakaha
rkha,rakaha
rakhen,rakhen
rakhiye,rakhiye
rakhta,rakhti
rakhte,rakhta
rakhti,rakhti
rally,rally
really,rally
ram,ram
room,ram
ramji,ramji
rampal,rampal
ran,rone
rana,ran
rona,ran
rang,rang
ranveer,ranveer
rasheed,rasheed
rasheeda,rasheed
rasm,rasm
raste,raste
rest,raste
rather,rather
rational,rational
ratri,ratri
rawalpindi,rawalpindi
razdaar,razdaar
rday,rday
reach,reach
rich,reach
react,react
reader,reader
real,real
realy,real
rearrange,rearrange
receive,receive
receiving,receiving
recognize,recognize
recommend,recommend
red,red
ref,ref
reva,ref
registan,registan
rehien,rehien
rehkar,rehkar
rokar,rehkar
rehman,rehman
rehmat,rehmat
rehna,rehna
rehne,rehna
rehte,rehty
rehtey,rehte
rote,rehte
rehty,rehty
related,related
relation,relation
relax,relax
released,released
religion,religion
remember,remember
reminded,reminded
repeat,repeat
repel,repel
reply,repel
repels,repels
replies,replies
report,report
reporting,reporting
req,req
rok,req
ruk,req
request,request
research,research
resign,resign
reson,resign
respected,respected
response,response
restaurant,restaurant
result,result
results,results
return,return
returned,returned
returning,returning
returns,returns
review,review
rhe,rhe
rhta,rhta
rickshaw,rickshaw
rigged,rigged
right,right
ringtone,ringtone
rishta,rishta
rishtay,rishta
risk,risk
rivers,rivers
rkhnese,rkhnese
roads,roads
roots,roads
roar,roar
robert,robert
robinhood,robinhood
rocking,rocking
rockstar,rockstar
rofl,rofl
roflmao,roflmao
rohit,rohit
rojgaar,rojgaar
role,role
rule,role
rone,rone
rootho,rootho
roses,roses
rota,rota
roti,rota
router,router
roya,roya
roye,roya
rozana,rozana
rpt,rpt
rqxt,rqxt
rs,rs
rs40k,rs40k
rts,rts
ruju,ruju
rukega,rukega
ruko,ruko
ruks,ruks
rulata,rulata
rulate,rulata
rup,rup
rupiya,rupiya
russia,russia
sa,sa
saa,sa
sai,sa
saw,sa
say,sa
se,sa
see,sa
sei,sa
sey,sa
si,sa
so,sa
soo,sa
sou,sa
ss,sa
sy,sa
saab,saab
sab,saab
sabb,saab
sabu,saab
sahb,saab
sb,saab
sub,saab
saadi,saudi
saat,saadi
sad,saadi
said,saadi
sauda,saadi
saaf,safai
safaa,saaf
safe,saaf
saahil,saahil
sahil,saahil
saal,saale
saala,saal
sal,saal
sale,saal
sali,saal
sallu,saal
salo,saal
saale,saale
sala,saale
saara,saari
saare,saara
saary,saara
sar,saara
sarah,saara
sare,saara
sarr,saara
suar,saara
saari,saari
sara,saari
sary,saari
saath,saath
sath,saath
south,saath
sth,saath
saawan,saawan
sawan,saawan
sabak,sabki
sabke,sabak
sabko,sabak
sabhi,sabhi
subha,sabhi
sabit,sabit
sabki,sabki
sabse,sabse
sabsay,sabse
sbse,sabse
sach,socch
saccha,sach
sacha,sach
sachhe,sach
sch,sach
so0ch,sach
soch,sach
soche,sach
such,sach
sacrifice,sacrifice
sadar,sadar
star,sadar
sadbuddhi,sadbuddhi
sadhko,sadhko
sadiyon,sadiyon
sadiyun,sadiyon
safai,safai
sahab,sahab
saheb,sahab
sahib,sahab
sahafion,sahafion
saher,saher
sahi,sahi
saha,sahi
sahii,sahi
sohii,sahi
sailaab,sailaab
sajdah,sajdah
sajdy,sajdah
sajna,sajna
sajnaaa,sajna
sakal,sakal
sakate,sakte
sakta,sakate
sakti,sakate
sake,sake
sik,sake
sk,sake
sku,sake
sakeaurkoi,sakeaurkoi
sakenge,sakenge
sakht,sakht
sakoon,sakoon
sakun,sakoon
skoon,sakoon
sukoon,sakoon
sakte,sakte
sakty,sakte
skti,sakte
salabrety,salabrety
salam,salam
salima,salam
salamat,salamat
salamuddin,salamuddin
salemn,salemn
salman,salemn
sales,sales
salesman,salesman
salmaniac,salmaniac
salmaniacs,salmaniacs
salmanians,salmanians
salmankhan,salmankhan
salute,salute
slut,salute
sulte,salute
samaghdaar,samaghdaar
samaj,samaj
smaj,samaj
samajh,samajh
samjha,samajh
samjho,samajh
smjh,samajh
samajhawan,samajhawan
samajhna,samajhna
samajhne,samajhna
samjhana,samajhna
samajty,samajty
samandar,samandar
samay,samay
same,samay
samgha,samgha
samjhin,samjhun
samjhon,samjhin
samjhun,samjhun
samya,samya
san,sona
sahna,san
sane,san
seen,san
sena,san
son,san
sone,san
soon,san
sun,san
suno,san
sanana,sanana
sanbhalo,sanbhalo
sandeep,sandeep
sandwich,sandwich
sangam,sangam
sangeen,sangeen
sankalp,sankalp
sans,sans
sansar,sansar
sanskrit,sanskrit
santoshkuswaha,santoshkuswaha
santulan,santulan
sanwara,sanwara
sapna,sapno
sapne,sapna
sapno,sapno
sapoot,sapoot
saray,saray
saree,saray
sorry,saray
sarcasm,sarcasm
sardaar,sardaar
sardi,sardi
sirdi,sardi
sardian,sardian
sardiyo,sardiyo
sarikatalwar,sarikatalwar
sarkaar,sarkaar
sarkaari,sarkaar
srkar,sarkaar
sarmaya,sarmaya
satmati,satmati
satta,sotaa
sota,satta
sta,satta
sutta,satta
saturday,saturday
saudi,saudi
souti,saudi
sawaar,sawaar
sawab,sawab
sawal,sawal
sawaal,sawal
sayani,sayani
saying,saying
says,says
saasu,says
sies,says
sis,says
sbra,sbra
scary,scary
score,scary
scene,scene
school,school
scope,scope
screening,screening
screw,screw
seance,seance
since,seance
season,season
sec,sec
sick,sec
seedha,seedha
seeing,seeing
sing,seeing
seeker,seeker
seekhni,seekhni
seekho,seekho
sekh,seekho
seems,seems
seenay,seenay
sonay,seenay
sunay,seenay
sekhke,sekhke
select,select
selfies,selfies
selfish,selfish
selling,selling
sem,sem
sm,sem
some,sem
sum,sem
semarangnya,semarangnya
semifinal,semifinal
send,send
snd,send
sound,send
senorita,senorita
separist,separist
sequel,sequel
sequence,sequence
series,series
serious,series
seriusly,seriusly
serving,serving
set,set
sid,set
suit,set
swt,set
sex,sex
sfir,sfir
sh,sh
sha,sh
shah,sh
shay,sh
she,sh
shoo,sh
show,sh
shaadi,shaadi
shade,shaadi
shadi,shaadi
shaed,shaadi
shaid,shaadi
shayd,shaadi
shaam,shame
sham,shaam
shaan,shaan
shan,shaan
shano,shaan
shanu,shaan
shaanivaar,shaanivaar
shanivar,shaanivaar
shaaririk,shaaririk
shab,shab
shabab,shabab
shabad,shabad
shabado,shabad
shabash,shabash
shabbakhair,shabbakhair
shadeed,shadeed
shadiyan,shadiyan
shahi,shahi
shahr,sher
shair,shahr
shar,shahr
share,shahr
shehr,shahr
sheir,shahr
shahzad,shahzad
shahzadians,shahzadians
shak,shak
shaka,shak
sheik,shak
shok,shak
shook,shak
shoq,shak
shaks,shaks
shakti,shakti
shakuni,shakuni
shame,shame
shaniwar,shaniwar
shanti,shanti
sharaab,sharaab
sharab,sharaab
sharam,sharam
sharma,sharam
sharda,sharda
shared,sharda
shareef,shariff
sharif,shareef
shreef,shareef
shariff,shariff
sharjeel,sharjeel
sharmaati,sharmaati
sharmata,sharmaati
sharminda,sharminda
sharnsh,sharnsh
shartein,shartein
shatir,shatir
shaup,shaup
shop,shaup
siap,shaup
shaved,shaved
shayad,shayad
shayed,shayad
shyed,shayad
shayeri,shayeri
shehbazsharif,shehbazsharif
sheikh,sheikh
sher,sher
shero,sher
shri,sher
shuru,sher
sherlock,sherlock
sheshay,sheshay
shikwe,shikwe
shinchen,shinchen
shipment,shipment
shirt,shirt
shit,shit
shot,shit
shud,shit
shiva,shiva
shivsena,shivsena
shmjti,shmjti
shoelaces,shoelaces
shohrat,shohrat
sholo,sholo
shonu,shonu
shops,shops
shoroo,shoroo
should,should
shows,shows
shudnt,shudnt
shughal,shughal
shukarrr,shukarrr
shukria,shukria
shweta,shweta
shyaar,shyaar
sickuliars,sickuliars
sideline,sideline
signal,signal
sigrat,sigrat
sikhai,sikhai
sikhaye,sikhaye
silant,silant
silent,silant
silencer,silencer
simple,simple
simplicity,simplicity
simran,simran
sinaga,sinaga
sunuga,sinaga
sincerely,sincerely
sindh,sindh
sindhi,sindh
sindhis,sindhis
sindhiyo,sindhiyo
singer,singer
singers,singers
singh,singh
singhhh,singhhh
singing,singing
single,single
sings,sings
songs,sings
sinha,sinha
sir,sir
sure,sir
suru,sir
sirajulhaq,sirajulhaq
sirf,sirf
sister,sister
sitam,sitam
sitara,sitara
sitcom,sitcom
sites,sites
situation,situation
station,situation
siway,siway
sway,siway
siwayae,siwayae
siyasi,siyasi
sj,sj
soja,sj
skills,skills
skipped,skipped
sktay,sktay
skty,sktay
slapped,slapped
sleep,sleep
slogan,slogan
slow,slow
small,small
smell,small
smile,small
smarthak,smarthak
smhajkar,smhajkar
smiritji,smiritji
smjte,smjte
smne,smne
saamne,smne
samne,smne
snap,snap
socch,socch
socha,socch
sochne,sochne
sochny,sochne
sochta,sochta
sochynge,sochynge
sochenge,sochynge
socket,socket
sofia,sofia
sogai,sogai
sojahaoo,sojahaoo
sojao,sojao
sojati,sojati
sokar,sokar
solve,solve
something,something
sometime,sometime
sona,sona
sonuh,sona
suna,sona
sunna,sona
sonali,sonali
sonalee,sonali
sonuholic,sonuholic
sookh,sookh
sukh,sookh
soonta,soonta
sunta,soonta
sooo,sooo
soso,soso
sotaa,sotaa
stay,sotaa
sources,sources
soya,soya
saya,soya
soye,soya
soyi,soya
sp,sp
soup,sp
spain,spain
spoon,spain
spam,spam
specially,specially
speech,speech
speed,speed
speeeeeeeeed,speeeeeeeeed
spinner,spinner
spit,spit
spits,spits
spitting,spitting
spoiling,spoiling
sponsored,sponsored
spoof,spoof
spoofin,spoofin
sport,sport
sprt,sport
support,sport
sports,sports
supports,sports
spotify,spotify
spotted,spotted
spread,spread
square,square
srk,srk
srkian,srkian
srkians,srkians
stadium,stadium
stamina,stamina
standard,standard
stars,stars
start,start
started,started
state,state
stuti,state
stations,stations
statistics,statistics
stats,stats
staying,staying
steps,steps
stfu,stfu
sthano,sthano
sticks,sticks
stiil,stiil
still,stiil
stop,stop
strange,strange
streets,streets
strength,strength
strewn,strewn
stric,stric
strike,stric
strikes,strikes
student,student
stupid,stupid
subah,subah
subhaa,subhaa
subhan,subhan
subhangi,subhangi
submit,submit
subsay,subsay
subtweets,subtweets
success,success
suche,suche
sucks,sucks
suddenly,suddenly
sudhar,sudhar
suhani,suhani
sujawal,sujawal
sukanya,sukanya
sukriya,sukriya
sukun,sukun
suljhao,suljhao
sultan,sultan
sumaira,sumaira
summer,summer
sunaen,sunaen
sunaon,sunaen
sunaya,sunaya
sunday,sunday
sunil,sunil
sunooo,sunooo
sunte,sunte
super,super
supper,super
supernatural,supernatural
superstar,superstar
supnaaaaa,supnaaaaa
supply,supply
suppose,suppose
supposed,supposed
supposedly,supposedly
supream,supream
suraj,suraj
surat,surat
surgery,surgery
surrounded,surrounded
surrounding,surrounding
survive,survive
swachta,swachta
swargate,swargate
swatch,swatch
sweet,sweet
sweety,sweet
swiss,swiss
syad,syad
sydney,sydney
symbolism,symbolism
syrup,syrup
system,system
t0,ta
t20,t0
taa,t0
tau,t0
tay,t0
te,t0
tee,t0
teo,t0
tey,t0
to,t0
toe,t0
toh,t0
too,t0
tou,t0
tu,t0
tuh,t0
tuo,t0
tw,t0
ta,ta
tea,ta
taanga,taanga
tang,taanga
taaqat,taaqat
taqat,taaqat
taara,tare
taarey,taara
tara,taara
tarah,taara
tera,taara
tra,taara
tab,tab
tabah,tab
tauba,tab
teb,tab
tabbasum,tabbasum
tabbhi,tabhi
tabha,tabbhi
tbhi,tabbhi
tabdeeli,tabdeeli
tabhi,tabhi
tbh,tabhi
tabiyat,tabiyat
tabka,tabka
table,table
tadaad,tadaad
tag,taka
taak,tag
tak,tag
take,tag
tik,tag
tk,tag
tki,tag
tuk,tag
taka,taka
takk,taka
taking,taking
takkey,takkey
taklla,taklla
takreebna,takreebna
takribane,takribane
tala,tala
talli,tala
tell,tala
till,tala
tl,tala
talaash,talaash
talash,talaash
talking,talking
talve,talve
tamana,tamana
tamanna,tamana
tambakoo,tambakoo
tambaku,tambakoo
tameez,tameez
tan,tune
tanna,tan
teen,tan
tenu,tan
town,tan
tun,tan
tandip,tandip
tangwa,tangwa
tanhai,tanhai
tanhayi,tanhayi
tank,tank
tape,tape
top,tape
type,tape
taporyon,taporyon
tapta,tapta
tapti,tapta
taraf,taraf
tareef,taraf
taref,taraf
tare,tare
tere,tare
teri,tare
tor,tare
tre,tare
true,tare
try,tare
tareen,tareen
tares,tares
tarse,tares
target,target
tarha,trhaa
trh,tarha
tarhan,tarhan
tarika,tarika
tarjeeh,tarjeeh
tarp,tarp
tasalli,tasalli
tashnagi,tashnagi
task,task
taste,taste
test,taste
tusti,taste
tat,tuta
tod,tat
toot,tat
tot,tat
tut,tat
tute,tat
taweet,taweet
tweet,taweet
tax,tax
taxu,tax
taxation,taxation
taxes,taxes
tayyar,tayyar
tiyar,tayyar
taza,taza
tez,taza
tazaad,tazaad
tazdeel,tazdeel
teacher,teacher
teachr,teacher
team,team
tm,team
tum,team
tym,team
teaser,teaser
techapamornkul,techapamornkul
teenday,teenday
teeno,teeno
tekedar,tekedar
tells,tells
temp,temp
teray,teray
tereh,teray
tereko,tereko
term,term
terms,terms
tested,tested
texting,texting
th,thaa
tha,th
thay,th
thee,th
they,th
tho,th
thy,th
thaa,thaa
thaaa,thaa
the,thaa
thi,thaa
thaki,thaki
thak,thaki
theak,thaki
thek,thaki
thik,thaki
thank,thank
think,thank
thanks,thanks
things,thanks
thankyou,thankyou
thanx,thanx
thappar,thappar
thar,thori
their,thar
there,thar
thora,thar
thur,thar
that,that
theek,theek
thick,theek
theen,theen
than,theen
then,theen
thenga,thenga
these,these
this,these
those,these
thinh,thinh
thinking,thinking
thm,thm
them,thm
thobda,thobda
thoda,thodi
thoda2,thoda
thodi,thodi
thookoonga,thookoonga
thori,thori
thought,thought
thoughtful,thoughtful
thq,thq
throwback,throwback
thts,thts
thukra0,thukra0
thullu,thullu
thursday,thursday
thyy,thyy
ticket,ticket
tigers,tigers
tight,tight
tikegi,tikegi
time,time
tme,time
tume,time
tumi,time
times,times
timing,timing
tingutards,tingutards
tishna,tishna
title,title
tjhse,tjhse
tujhse,tjhse
tkd,tkd
tmara,tumari
tmare,tmara
tmrw,tmara
tumare,tmara
tumra,tmara
tmhare,tmhari
tmharey,tmhare
tmhre,tmhare
tumhara,tmhare
tumharee,tmhare
tmhari,tmhari
tumhare,tmhari
tmny,tmny
tumne,tmny
tmsy,tmsy
tumse,tmsy
tobacco,tobacco
today,today
tofani,tofani
toofan,tofani
together,together
tohfa,tohfa
toing,toing
toishi,toishi
tokraa,tokraa
told,told
tolee,tolee
tonic,tonic
tonight,tonight
tooo,tooo
tooter,tooter
toothpaste,toothpaste
topic,topic
total,total
totkay,totkay
tough,tough
track,track
trailer,trailer
train,train
translation,translation
translator,translator
trash,trash
travelled,travelled
treat,treat
trend,trend
trhaa,trhaa
tried,tried
trivedi,trivedi
troll,troll
truly,troll
trolls,trolls
troubles,troubles
trps,trps
trst,trst
trust,trst
truth,truth
trying,trying
tryna,tryna
tsunami,tsunami
tuaha,tuaha
tudwa,tudwa
tuesday,tuesday
tuje,tuje
taj,tuje
tujy,tuje
tujhay,tujhay
tujh,tujhay
tujhe,tujhay
tujhy,tujhay
tujko,tujko
tujse,tujse
tukere,tukere
tukre,tukere
tukroon,tukroon
tulsi,tulsi
tumari,tumari
tumhaara,tumhaara
tumhari,tumhaara
tumhai,tumhai
tumhe,tumhai
tumhy,tumhai
tumhain,tumhain
tumhein,tumhain
tumko,tumko
tune,tune
tunne,tune
turns,turns
tussi,tussi
tuta,tuta
tv,tv
tweeted,tweeted
tweeter,tweeter
twitter,tweeter
tweeting,tweeting
tweetiya,tweetiya
tweets,tweets
twinkle,twinkle
twittr,twittr
two,two
typing,typing
uani,uani
un,uani
une,uani
uni,uani
ubara,ubara
uchal,uchal
ud,ud
uda,ud
udas,udas
udashone,udashone
udhar,udhar
uf,uf
uff,uf
ugal,ugal
ujrat,ujrat
uljhan,uljhan
ulte,ulte
ultimate,ultimate
um,um
umar,umar
umer,umar
umra,umar
umeed,umeed
umid,umeed
ummeed,umeed
umide,umide
unbelievable,unbelievable
unblind,unblind
unblock,unblock
uncivilized,uncivilized
uncle,uncle
ungli,uncle
underestimate,underestimate
unfair,unfair
unfollow,unfollow
unga,unke
unka,unga
unki,unga
unhain,unhain
unhein,unhain
unhe,unhe
unhi,unhe
unhone,unhone
unikrishnan,unikrishnan
unique,unique
united,united
unke,unke
unko,unke
unlogo,unlogo
unlucky,unlucky
unpar,unpar
unproductive,unproductive
unse,unse
uorn,uorn
urny,uorn
up,up
upar,upar
uper,upar
updates,updates
upen,upen
uphar,uphar
ups,ups
upset,upset
ur,ur
ura,ur
uraathay,uraathay
urati,urati
urdta,urdta
urdu,urdu
urh,urh
us,use
usay,us
uss,us
usse,us
usy,us
usake,uske
uska,usake
uskey,usake
usko,usake
ussko,usake
use,use
user,user
users,users
usiliye,usiliye
usin,usin
usne,usin
uske,uske
uski,uske
usman,usman
usme,usme
uspe,uspe
ussay,ussay
ustad,ustad
utaarna,utaarna
utar,utar
utd,utd
uth,uth
uthai,uth
uthao,uth
uthi,uth
uuthi,uth
uthale,uthale
uthalete,uthalete
utharwai,utharwai
uthna,uthna
uthni,uthna
uthoge,uthoge
utility,utility
utna,utna
utni,utna
uttarakhand,uttarakhand
va,via
ve,va
vi,va
vo,va
vaddhaa,vaddhaa
vadon,vadon
vadra,vadra
vadragate,vadragate
vague,vague
vahi,vahi
vaise,vaise
vala,vala
vol,vala
valmiki,valmiki
var,var
very,var
varna,varna
vastav,vastav
vasundhra,vasundhra
vd,vd
void,vd
veena,veena
verse,verse
version,version
via,via
voh,via
victory,victory
video,video
vidhata,vidhata
vidhayak,vidhayak
viewers,viewers
villian,villian
vimal,vimal
vip,vip
vipassana,vipassana
viran,viran
virgo,virgo
virhan,virhan
vistaar,vistaar
vm,vm
vote,vote
voted,voted
votes,votes
voting,voting
vtrs,vtrs
wa,waow
waah,wa
wah,wa
waoo,wa
way,wa
we,wa
whi,wa
who,wa
wo,wa
woh,wa
woo,wa
wow,wa
waala,waali
waale,waala
waalii,waala
wala,waala
walay,waala
wali,waala
wall,waala
walo,waala
waly,waala
waali,waali
waalo,waali
wale,waali
waat,wadi
wada,waat
wait,waat
what,waat
wht,waat
wit,waat
wadi,wadi
wid,wadi
wud,wadi
wafa,wifi
wife,wafa
wafers,wafers
waha,waha
wahi,waha
wohi,waha
wahan,wahan
waheyat,waheyat
waisay,waisy
waesey,waisay
waise,waisay
waisii,waisay
wasy,waisay
wesay,waisay
waisy,waisy
was,waisy
wesy,waisy
waiting,waiting
waja,waja
wajah,waja
wajood,wajood
walas,walas
walls,walas
walid,walid
walk,walk
walon,walon
waalon,walon
wanna,wanna
want,want
winti,want
wont,want
wanted,wanted
waow,waow
wapis,wapis
wapas,wapis
waps,wapis
waqar,waqar
waqas,waqas
waqt,waqt
waqti,waqt
ward,ward
warna,warna
warning,warning
warrant,warrant
wash,wash
wish,wash
wasiyyat,wasiyyat
wasn,wasn
waste,waste
watch,watch
which,watch
watching,watching
wattooo,wattooo
wazarat,wazarat
wazeer,wazeer
wch,wch
wearin,wearin
weather,weather
wedding,wedding
weed,weed
wood,weed
week,week
wik,week
weekend,weekend
weekly,weekly
wehmi,wehmi
wehshi,wehshi
weight,weight
welcome,welcome
well,well
will,well
wenger,wenger
were,were
where,were
whr,were
wese,wese
western,western
whatsapp,whatsapp
when,when
win,when
won,when
whenever,whenever
wherein,wherein
whisky,whisky
white,white
whoever,whoever
whom,whom
why,why
whyyyyyy,whyyyyyy
wicked,wicked
wifi,wifi
windows,windows
wink,wink
winner,winner
winter,winter
wonder,winter
wishing,wishing
with,with
without,without
wiyrkkjknh,wiyrkkjknh
wja,wja
wla,wla
woah,woah
wohoo,wohoo
woker,woker
wolves,wolves
women,women
wonderful,wonderful
wondering,wondering
words,words
work,work
working,working
worldwide,worldwide
worm,worm
would,would
wrappers,wrappers
writer,writer
written,written
wrk,wrk
ws,ws
wspis,wspis
xchii,xchii
xd,xd
xp,xp
xx,xx
ya,yah
yaa,ya
yae,ya
ye,ya
yeah,ya
yee,ya
yo,ya
you,ya
yaaaaahuuuuuu,yaaaaahuuuuuu
yaaar,yaaar
yaar,yaaar
yar,yaaar
year,yaaar
yaad,yaad
yad,yaad
yaakh,yaakh
yadon,yadon
yah,yah
yea,yah
yeh,yah
yahan,yahan
yahanse,yahanse
yahi,yahi
yaha,yahi
yehi,yahi
yuhi,yahi
yallah,yallah
yamm,yamm
yani,yani
yun,yani
yaqeen,yaqeen
yakeen,yaqeen
yawning,yawning
yayy,yayy
years,years
yes,yes
yess,yes
yessir,yessir
yesterday,yesterday
yet,yet
yh,yh
yhi,yh
yoon,yoon
young,young
youngster,youngster
your,your
yoyo,yoyo
yr,yr
yunhi,yunhi
yup,yup
zaahid,zaahid
zahid,zaahid
zaban,zaban
zuban,zaban
zabardasti,zabardasti
zada,zid
zda,zada
ziada,zada
zahir,zeher
zehar,zahir
zain,zain
zaisha,zaisha
zakhmi,zakhmi
zalim,zalim
zulam,zalim
zamana,zamana
zameer,zameer
zanjeer,zanjeer
zar,zar
zara,zar
zrra,zar
zardari,zardari
zaroor,zaroor
zaror,zaroor
zarurat,zarurat
zaya,zaya
zayada,zyada
ziyada,zayada
zeher,zeher
zid,zid
zikr,zikr
zikar,zikr
zilly,zilly
zinda,zinda
zindaa,zinda
zindaagi,zindagi
zindage,zindaagi
zindagi,zindagi
zyada,zyada
